0 verbose cli /usr/local/bin/node /usr/local/bin/npm
1 info using npm@10.5.0
2 info using node@v20.12.2
3 timing npm:load:whichnode Completed in 1ms
4 timing config:load:defaults Completed in 1ms
5 timing config:load:file:/usr/local/lib/node_modules/npm/npmrc Completed in 1ms
6 timing config:load:builtin Completed in 1ms
7 timing config:load:cli Completed in 1ms
8 timing config:load:env Completed in 0ms
9 timing config:load:project Completed in 1ms
10 timing config:load:file:/root/.npmrc Completed in 2ms
11 timing config:load:user Completed in 2ms
12 timing config:load:file:/usr/local/etc/npmrc Completed in 0ms
13 timing config:load:global Completed in 1ms
14 timing config:load:setEnvs Completed in 0ms
15 timing config:load Completed in 7ms
16 timing npm:load:configload Completed in 7ms
17 timing config:load:flatten Completed in 1ms
18 timing npm:load:mkdirpcache Completed in 0ms
19 timing npm:load:mkdirplogs Completed in 0ms
20 verbose title npm install
21 verbose argv "install"
22 timing npm:load:setTitle Completed in 1ms
23 timing npm:load:display Completed in 0ms
24 verbose logfile logs-max:10 dir:/root/.npm/_logs/2026-03-09T17_31_13_582Z-
25 verbose logfile /root/.npm/_logs/2026-03-09T17_31_13_582Z-debug-0.log
26 timing npm:load:logFile Completed in 6ms
27 timing npm:load:timers Completed in 0ms
28 timing npm:load:configScope Completed in 0ms
29 timing npm:load Completed in 26ms
30 timing arborist:ctor Completed in 1ms
31 silly logfile done cleaning log files
32 timing idealTree:init Completed in 237ms
33 timing idealTree:userRequests Completed in 1ms
34 silly idealTree buildDeps
35 timing idealTree:#root Completed in 0ms
36 timing idealTree:buildDeps Completed in 1ms
37 timing idealTree:fixDepFlags Completed in 0ms
38 timing idealTree Completed in 243ms
39 timing reify:loadTrees Completed in 251ms
40 timing reify:diffTrees Completed in 6ms
41 silly reify moves {}
42 timing reify:retireShallow Completed in 1ms
43 timing reify:createSparse Completed in 400ms
44 timing reify:loadBundles Completed in 0ms
45 silly audit bulk request {
45 silly audit   '@aashutoshrathi/word-wrap': [ '1.2.6' ],
45 silly audit   '@ampproject/remapping': [ '2.3.0' ],
45 silly audit   '@babel/code-frame': [ '7.24.2' ],
45 silly audit   '@babel/compat-data': [ '7.24.4' ],
45 silly audit   '@babel/core': [ '7.24.4' ],
45 silly audit   semver: [ '6.3.1', '7.6.0' ],
45 silly audit   '@babel/generator': [ '7.24.4' ],
45 silly audit   '@babel/helper-compilation-targets': [ '7.23.6' ],
45 silly audit   '@babel/helper-environment-visitor': [ '7.22.20' ],
45 silly audit   '@babel/helper-function-name': [ '7.23.0' ],
45 silly audit   '@babel/helper-hoist-variables': [ '7.22.5' ],
45 silly audit   '@babel/helper-module-imports': [ '7.24.3' ],
45 silly audit   '@babel/helper-module-transforms': [ '7.23.3' ],
45 silly audit   '@babel/helper-plugin-utils': [ '7.24.0' ],
45 silly audit   '@babel/helper-simple-access': [ '7.22.5' ],
45 silly audit   '@babel/helper-split-export-declaration': [ '7.22.6' ],
45 silly audit   '@babel/helper-string-parser': [ '7.24.1' ],
45 silly audit   '@babel/helper-validator-identifier': [ '7.22.20' ],
45 silly audit   '@babel/helper-validator-option': [ '7.23.5' ],
45 silly audit   '@babel/helpers': [ '7.24.4' ],
45 silly audit   '@babel/highlight': [ '7.24.2' ],
45 silly audit   'ansi-styles': [ '3.2.1', '4.3.0', '5.2.0', '6.1.0' ],
45 silly audit   chalk: [ '2.4.2', '5.0.1', '4.1.2', '5.3.0' ],
45 silly audit   'color-convert': [ '1.9.3', '2.0.1' ],
45 silly audit   'color-name': [ '1.1.3', '1.1.4' ],
45 silly audit   'has-flag': [ '3.0.0', '4.0.0' ],
45 silly audit   'supports-color': [ '5.5.0', '8.1.1', '7.2.0' ],
45 silly audit   '@babel/parser': [ '7.24.4' ],
45 silly audit   '@babel/plugin-syntax-async-generators': [ '7.8.4' ],
45 silly audit   '@babel/plugin-syntax-bigint': [ '7.8.3' ],
45 silly audit   '@babel/plugin-syntax-class-properties': [ '7.12.13' ],
45 silly audit   '@babel/plugin-syntax-import-meta': [ '7.10.4' ],
45 silly audit   '@babel/plugin-syntax-json-strings': [ '7.8.3' ],
45 silly audit   '@babel/plugin-syntax-jsx': [ '7.24.1' ],
45 silly audit   '@babel/plugin-syntax-logical-assignment-operators': [ '7.10.4' ],
45 silly audit   '@babel/plugin-syntax-nullish-coalescing-operator': [ '7.8.3' ],
45 silly audit   '@babel/plugin-syntax-numeric-separator': [ '7.10.4' ],
45 silly audit   '@babel/plugin-syntax-object-rest-spread': [ '7.8.3' ],
45 silly audit   '@babel/plugin-syntax-optional-catch-binding': [ '7.8.3' ],
45 silly audit   '@babel/plugin-syntax-optional-chaining': [ '7.8.3' ],
45 silly audit   '@babel/plugin-syntax-top-level-await': [ '7.14.5' ],
45 silly audit   '@babel/plugin-syntax-typescript': [ '7.24.1' ],
45 silly audit   '@babel/runtime': [ '7.24.4' ],
45 silly audit   '@babel/template': [ '7.24.0' ],
45 silly audit   '@babel/traverse': [ '7.24.1' ],
45 silly audit   globals: [ '11.12.0', '14.0.0', '13.24.0', '15.0.0' ],
45 silly audit   '@babel/types': [ '7.24.0' ],
45 silly audit   '@bcoe/v8-coverage': [ '0.2.3' ],
45 silly audit   '@colors/colors': [ '1.5.0' ],
45 silly audit   '@discoveryjs/json-ext': [ '0.5.7' ],
45 silly audit   '@eslint-community/eslint-utils': [ '4.4.0' ],
45 silly audit   '@eslint-community/regexpp': [ '4.10.0' ],
45 silly audit   '@eslint/eslintrc': [ '3.0.2', '2.1.4' ],
45 silly audit   '@eslint/js': [ '9.1.1', '8.57.0' ],
45 silly audit   '@fastify/accept-negotiator': [ '1.0.0' ],
45 silly audit   '@fastify/ajv-compiler': [ '3.5.0' ],
45 silly audit   ajv: [ '8.12.0', '6.12.6', '8.11.0' ],
45 silly audit   'json-schema-traverse': [ '1.0.0', '0.4.1' ],
45 silly audit   '@fastify/cookie': [ '9.3.1' ],
45 silly audit   'fastify-plugin': [ '4.5.1', '4.2.0', '2.3.4', '3.0.1' ],
45 silly audit   '@fastify/deepmerge': [ '1.3.0' ],
45 silly audit   '@fastify/error': [ '3.4.1' ],
45 silly audit   '@fastify/fast-json-stringify-compiler': [ '4.3.0' ],
45 silly audit   '@fastify/flash': [ '5.1.0' ],
45 silly audit   '@fastify/formbody': [ '7.4.0' ],
45 silly audit   '@fastify/merge-json-schemas': [ '0.1.1' ],
45 silly audit   '@fastify/secure-session': [ '7.5.1' ],
45 silly audit   '@fastify/send': [ '2.1.0' ],
45 silly audit   '@fastify/sensible': [ '5.5.0' ],
45 silly audit   '@fastify/static': [ '7.0.3' ],
45 silly audit   '@fastify/view': [ '9.0.0' ],
45 silly audit   '@gar/promisify': [ '1.1.3' ],
45 silly audit   '@humanwhocodes/config-array': [ '0.11.14' ],
45 silly audit   '@humanwhocodes/module-importer': [ '1.0.1' ],
45 silly audit   '@humanwhocodes/object-schema': [ '2.0.3' ],
45 silly audit   '@isaacs/cliui': [ '8.0.2' ],
45 silly audit   'ansi-regex': [ '6.0.1', '5.0.1' ],
45 silly audit   'emoji-regex': [ '9.2.2', '8.0.0' ],
45 silly audit   'string-width': [ '5.1.2', '4.2.3' ],
45 silly audit   'strip-ansi': [ '7.1.0', '7.0.1', '6.0.1' ],
45 silly audit   '@istanbuljs/load-nyc-config': [ '1.1.0' ],
45 silly audit   argparse: [ '1.0.10', '2.0.1' ],
45 silly audit   'find-up': [ '4.1.0', '5.0.0', '3.0.0' ],
45 silly audit   'js-yaml': [ '3.14.1', '4.1.0' ],
45 silly audit   'locate-path': [ '5.0.0', '6.0.0', '3.0.0' ],
45 silly audit   'p-limit': [ '2.3.0', '3.1.0' ],
45 silly audit   'p-locate': [ '4.1.0', '5.0.0', '3.0.0' ],
45 silly audit   '@istanbuljs/schema': [ '0.1.3' ],
45 silly audit   '@jest/console': [ '29.7.0' ],
45 silly audit   '@jest/core': [ '29.7.0' ],
45 silly audit   '@jest/environment': [ '29.7.0' ],
45 silly audit   '@jest/expect': [ '29.7.0' ],
45 silly audit   '@jest/expect-utils': [ '29.7.0' ],
45 silly audit   '@jest/fake-timers': [ '29.7.0' ],
45 silly audit   '@jest/globals': [ '29.7.0' ],
45 silly audit   '@jest/reporters': [ '29.7.0' ],
45 silly audit   glob: [ '7.2.3', '10.3.12', '8.1.0' ],
45 silly audit   '@jest/schemas': [ '29.6.3' ],
45 silly audit   '@jest/source-map': [ '29.6.3' ],
45 silly audit   '@jest/test-result': [ '29.7.0' ],
45 silly audit   '@jest/test-sequencer': [ '29.7.0' ],
45 silly audit   '@jest/transform': [ '29.7.0' ],
45 silly audit   '@jest/types': [ '29.6.3' ],
45 silly audit   '@jridgewell/gen-mapping': [ '0.3.5' ],
45 silly audit   '@jridgewell/resolve-uri': [ '3.1.2' ],
45 silly audit   '@jridgewell/set-array': [ '1.2.1' ],
45 silly audit   '@jridgewell/source-map': [ '0.3.6' ],
45 silly audit   '@jridgewell/sourcemap-codec': [ '1.4.15' ],
45 silly audit   '@jridgewell/trace-mapping': [ '0.3.25' ],
45 silly audit   '@lukeed/ms': [ '2.0.2' ],
45 silly audit   '@nodelib/fs.scandir': [ '2.1.5' ],
45 silly audit   '@nodelib/fs.stat': [ '2.0.5' ],
45 silly audit   '@nodelib/fs.walk': [ '1.2.8' ],
45 silly audit   '@npmcli/fs': [ '3.1.0', '2.1.2', '1.1.1' ],
45 silly audit   '@npmcli/git': [ '4.1.0' ],
45 silly audit   'lru-cache': [ '7.18.3', '5.1.1', '10.2.0', '6.0.0' ],
45 silly audit   which: [ '3.0.1', '2.0.2' ],
45 silly audit   '@npmcli/installed-package-contents': [ '2.0.2' ],
45 silly audit   '@npmcli/move-file': [ '2.0.1', '1.1.2' ],
45 silly audit   '@npmcli/node-gyp': [ '3.0.0' ],
45 silly audit   '@npmcli/promise-spawn': [ '6.0.2' ],
45 silly audit   '@npmcli/run-script': [ '6.0.2' ],
45 silly audit   '@one-ini/wasm': [ '0.1.1' ],
45 silly audit   '@pkgjs/parseargs': [ '0.11.0' ],
45 silly audit   '@pnpm/network.ca-file': [ '1.0.1' ],
45 silly audit   '@pnpm/npm-conf': [ '1.0.5' ],
45 silly audit   '@popperjs/core': [ '2.11.8' ],
45 silly audit   '@rails/ujs': [ '7.1.3-2' ],
45 silly audit   '@sigstore/bundle': [ '1.1.0' ],
45 silly audit   '@sigstore/protobuf-specs': [ '0.2.1' ],
45 silly audit   '@sigstore/sign': [ '1.0.0' ],
45 silly audit   '@sigstore/tuf': [ '1.0.3' ],
45 silly audit   '@sinclair/typebox': [ '0.27.8' ],
45 silly audit   '@sindresorhus/is': [ '5.3.0' ],
45 silly audit   '@sinonjs/commons': [ '3.0.1' ],
45 silly audit   '@sinonjs/fake-timers': [ '10.3.0' ],
45 silly audit   '@szmarczak/http-timer': [ '5.0.1' ],
45 silly audit   '@tootallnate/once': [ '2.0.0', '1.1.2' ],
45 silly audit   '@tufjs/canonical-json': [ '1.0.0' ],
45 silly audit   '@tufjs/models': [ '1.0.4' ],
45 silly audit   'brace-expansion': [ '2.0.1', '1.1.11' ],
45 silly audit   minimatch: [ '9.0.4', '9.0.1', '5.1.6', '3.1.2' ],
45 silly audit   '@types/babel__core': [ '7.20.5' ],
45 silly audit   '@types/babel__generator': [ '7.6.8' ],
45 silly audit   '@types/babel__template': [ '7.4.4' ],
45 silly audit   '@types/babel__traverse': [ '7.20.5' ],
45 silly audit   '@types/cacheable-request': [ '6.0.2' ],
45 silly audit   '@types/debug': [ '4.1.12' ],
45 silly audit   '@types/eslint': [ '8.4.6' ],
45 silly audit   '@types/eslint-scope': [ '3.7.4' ],
45 silly audit   '@types/estree': [ '1.0.5' ],
45 silly audit   '@types/graceful-fs': [ '4.1.9' ],
45 silly audit   '@types/http-cache-semantics': [ '4.0.1' ],
45 silly audit   '@types/istanbul-lib-coverage': [ '2.0.6' ],
45 silly audit   '@types/istanbul-lib-report': [ '3.0.3' ],
45 silly audit   '@types/istanbul-reports': [ '3.0.4' ],
45 silly audit   '@types/jest': [ '29.5.12' ],
45 silly audit   '@types/json-schema': [ '7.0.11' ],
45 silly audit   '@types/json5': [ '0.0.29' ],
45 silly audit   '@types/keyv': [ '3.1.4' ],
45 silly audit   '@types/ms': [ '0.7.34' ],
45 silly audit   '@types/node': [ '20.12.7' ],
45 silly audit   '@types/responselike': [ '1.0.0' ],
45 silly audit   '@types/semver-utils': [ '1.1.3' ],
45 silly audit   '@types/stack-trace': [ '0.0.29' ],
45 silly audit   '@types/stack-utils': [ '2.0.3' ],
45 silly audit   '@types/validator': [ '13.11.9' ],
45 silly audit   '@types/yargs': [ '17.0.32' ],
45 silly audit   '@types/yargs-parser': [ '21.0.3' ],
45 silly audit   '@ungap/structured-clone': [ '1.2.0' ],
45 silly audit   '@vscode/sqlite3': [ '5.1.2' ],
45 silly audit   '@webassemblyjs/ast': [ '1.12.1' ],
45 silly audit   '@webassemblyjs/floating-point-hex-parser': [ '1.11.6' ],
45 silly audit   '@webassemblyjs/helper-api-error': [ '1.11.6' ],
45 silly audit   '@webassemblyjs/helper-buffer': [ '1.12.1' ],
45 silly audit   '@webassemblyjs/helper-numbers': [ '1.11.6' ],
45 silly audit   '@webassemblyjs/helper-wasm-bytecode': [ '1.11.6' ],
45 silly audit   '@webassemblyjs/helper-wasm-section': [ '1.12.1' ],
45 silly audit   '@webassemblyjs/ieee754': [ '1.11.6' ],
45 silly audit   '@webassemblyjs/leb128': [ '1.11.6' ],
45 silly audit   '@webassemblyjs/utf8': [ '1.11.6' ],
45 silly audit   '@webassemblyjs/wasm-edit': [ '1.12.1' ],
45 silly audit   '@webassemblyjs/wasm-gen': [ '1.12.1' ],
45 silly audit   '@webassemblyjs/wasm-opt': [ '1.12.1' ],
45 silly audit   '@webassemblyjs/wasm-parser': [ '1.12.1' ],
45 silly audit   '@webassemblyjs/wast-printer': [ '1.12.1' ],
45 silly audit   '@webpack-cli/configtest': [ '2.1.1' ],
45 silly audit   '@webpack-cli/info': [ '2.0.2' ],
45 silly audit   '@webpack-cli/serve': [ '2.0.5' ],
45 silly audit   '@xtuc/ieee754': [ '1.2.0' ],
45 silly audit   '@xtuc/long': [ '4.2.2' ],
45 silly audit   abbrev: [ '1.1.1', '2.0.0' ],
45 silly audit   'abort-controller': [ '3.0.0' ],
45 silly audit   'abstract-logging': [ '2.0.1' ],
45 silly audit   acorn: [ '8.11.3', '7.4.1' ],
45 silly audit   'acorn-import-assertions': [ '1.9.0' ],
45 silly audit   'acorn-jsx': [ '5.3.2' ],
45 silly audit   'agent-base': [ '6.0.2' ],
45 silly audit   agentkeepalive: [ '4.2.1' ],
45 silly audit   depd: [ '1.1.2', '2.0.0' ],
45 silly audit   'aggregate-error': [ '3.1.0' ],
45 silly audit   'ajv-formats': [ '2.1.1', '3.0.1' ],
45 silly audit   'ajv-keywords': [ '3.5.2', '5.1.0' ],
45 silly audit   'ansi-align': [ '3.0.1' ],
45 silly audit   'ansi-escapes': [ '4.3.2' ],
45 silly audit   'type-fest': [ '0.21.3', '2.19.0', '1.4.0', '0.20.2' ],
45 silly audit   anymatch: [ '3.1.2' ],
45 silly audit   aproba: [ '2.0.0' ],
45 silly audit   archy: [ '1.0.0' ],
45 silly audit   'are-we-there-yet': [ '3.0.1' ],
45 silly audit   'array-buffer-byte-length': [ '1.0.1' ],
45 silly audit   'array-includes': [ '3.1.8' ],
45 silly audit   'array-union': [ '2.1.0' ],
45 silly audit   'array.prototype.findlastindex': [ '1.2.5' ],
45 silly audit   'array.prototype.flat': [ '1.3.2' ],
45 silly audit   'array.prototype.flatmap': [ '1.3.2' ],
45 silly audit   'arraybuffer.prototype.slice': [ '1.0.3' ],
45 silly audit   asap: [ '2.0.6' ],
45 silly audit   'assert-never': [ '1.2.1' ],
45 silly audit   'at-least-node': [ '1.0.0' ],
45 silly audit   'atomic-sleep': [ '1.0.0' ],
45 silly audit   'available-typed-arrays': [ '1.0.7' ],
45 silly audit   avvio: [ '8.3.0' ],
45 silly audit   'babel-jest': [ '29.7.0' ],
45 silly audit   'babel-plugin-istanbul': [ '6.1.1' ],
45 silly audit   'istanbul-lib-instrument': [ '5.2.1', '6.0.2' ],
45 silly audit   'babel-plugin-jest-hoist': [ '29.6.3' ],
45 silly audit   'babel-preset-current-node-syntax': [ '1.0.1' ],
45 silly audit   'babel-preset-jest': [ '29.6.3' ],
45 silly audit   'babel-walk': [ '3.0.0-canary-5' ],
45 silly audit   'balanced-match': [ '1.0.2' ],
45 silly audit   'base64-js': [ '1.5.1' ],
45 silly audit   'better-sqlite3': [ '8.7.0' ],
45 silly audit   'binary-extensions': [ '2.2.0' ],
45 silly audit   bindings: [ '1.5.0' ],
45 silly audit   bl: [ '4.1.0' ],
45 silly audit   bluebird: [ '3.7.2' ],
45 silly audit   bootstrap: [ '5.3.3' ],
45 silly audit   boxen: [ '7.0.0' ],
45 silly audit   camelcase: [ '7.0.0', '5.3.1', '6.3.0' ],
45 silly audit   braces: [ '3.0.2' ],
45 silly audit   browserslist: [ '4.23.0' ],
45 silly audit   bser: [ '2.1.1' ],
45 silly audit   buffer: [ '5.7.1', '6.0.3' ],
45 silly audit   'buffer-from': [ '1.1.2' ],
45 silly audit   builtins: [ '5.1.0' ],
45 silly audit   cacache: [ '17.1.4', '16.1.3', '15.3.0' ],
45 silly audit   'fs-minipass': [ '3.0.3', '2.1.0' ],
45 silly audit   minipass: [ '7.0.4', '5.0.0', '3.3.4' ],
45 silly audit   'unique-filename': [ '3.0.0', '2.0.1', '1.1.1' ],
45 silly audit   'unique-slug': [ '4.0.0', '3.0.0', '2.0.2' ],
45 silly audit   'cacheable-lookup': [ '6.1.0' ],
45 silly audit   'cacheable-request': [ '7.0.2' ],
45 silly audit   'get-stream': [ '5.2.0', '6.0.1' ],
45 silly audit   'lowercase-keys': [ '2.0.0', '3.0.0' ],
45 silly audit   'call-bind': [ '1.0.7' ],
45 silly audit   callsites: [ '3.1.0' ],
45 silly audit   'caniuse-lite': [ '1.0.30001612' ],
45 silly audit   'char-regex': [ '1.0.2' ],
45 silly audit   'character-parser': [ '2.2.0' ],
45 silly audit   chokidar: [ '3.5.3' ],
45 silly audit   'glob-parent': [ '5.1.2', '6.0.2' ],
45 silly audit   chownr: [ '2.0.0', '1.1.4' ],
45 silly audit   'chrome-trace-event': [ '1.0.3' ],
45 silly audit   'ci-info': [ '3.3.2' ],
45 silly audit   'cjs-module-lexer': [ '1.2.3' ],
45 silly audit   'clean-stack': [ '2.2.0' ],
45 silly audit   'cli-boxes': [ '3.0.0' ],
45 silly audit   'cli-color': [ '2.0.4' ],
45 silly audit   'cli-table3': [ '0.6.4' ],
45 silly audit   cliui: [ '8.0.1', '7.0.4' ],
45 silly audit   'wrap-ansi': [ '7.0.0', '8.1.0' ],
45 silly audit   'clone-deep': [ '4.0.1' ],
45 silly audit   'clone-response': [ '1.0.3' ],
45 silly audit   'close-with-grace': [ '1.1.0' ],
45 silly audit   co: [ '4.6.0' ],
45 silly audit   'collect-v8-coverage': [ '1.0.2' ],
45 silly audit   'color-support': [ '1.1.3' ],
45 silly audit   colorette: [ '2.0.19' ],
45 silly audit   commander: [ '10.0.1', '2.20.3' ],
45 silly audit   commist: [ '3.0.0' ],
45 silly audit   'concat-map': [ '0.0.1' ],
45 silly audit   concurrently: [ '8.2.2' ],
45 silly audit   'config-chain': [ '1.1.13' ],
45 silly audit   ini: [ '1.3.8', '2.0.0', '4.1.2' ],
45 silly audit   configstore: [ '6.0.0' ],
45 silly audit   'write-file-atomic': [ '3.0.3', '4.0.2' ],
45 silly audit   'confusing-browser-globals': [ '1.0.11' ],
45 silly audit   'console-control-strings': [ '1.1.0' ],
45 silly audit   constantinople: [ '4.0.1' ],
45 silly audit   'content-disposition': [ '0.5.4' ],
45 silly audit   'convert-source-map': [ '2.0.0' ],
45 silly audit   cookie: [ '0.6.0', '0.4.2' ],
45 silly audit   'cookie-signature': [ '1.2.1' ],
45 silly audit   'create-jest': [ '29.7.0' ],
45 silly audit   'cross-spawn': [ '7.0.3' ],
45 silly audit   'crypto-random-string': [ '4.0.0' ],
45 silly audit   'css-loader': [ '7.1.1' ],
45 silly audit   cssesc: [ '3.0.0' ],
45 silly audit   d: [ '1.0.2' ],
45 silly audit   'data-view-buffer': [ '1.0.1' ],
45 silly audit   'data-view-byte-length': [ '1.0.1' ],
45 silly audit   'data-view-byte-offset': [ '1.0.0' ],
45 silly audit   'date-fns': [ '2.30.0' ],
45 silly audit   dateformat: [ '4.6.3' ],
45 silly audit   'db-errors': [ '0.2.3' ],
45 silly audit   debug: [ '4.3.4', '3.2.7' ],
45 silly audit   ms: [ '2.1.2', '2.1.3' ],
45 silly audit   'decompress-response': [ '6.0.0' ],
45 silly audit   'mimic-response': [ '3.1.0', '1.0.1' ],
45 silly audit   dedent: [ '1.5.3' ],
45 silly audit   'deep-extend': [ '0.6.0' ],
45 silly audit   'deep-is': [ '0.1.4' ],
45 silly audit   deepmerge: [ '4.3.1' ],
45 silly audit   'defer-to-connect': [ '2.0.1' ],
45 silly audit   'define-data-property': [ '1.1.4' ],
45 silly audit   'define-properties': [ '1.2.1' ],
45 silly audit   delegates: [ '1.0.0' ],
45 silly audit   'detect-libc': [ '2.0.3' ],
45 silly audit   'detect-newline': [ '3.1.0' ],
45 silly audit   'diff-sequences': [ '29.6.3' ],
45 silly audit   'dir-glob': [ '3.0.1' ],
45 silly audit   doctrine: [ '3.0.0', '2.1.0' ],
45 silly audit   doctypes: [ '1.1.0' ],
45 silly audit   'dot-prop': [ '6.0.1' ],
45 silly audit   dotenv: [ '16.4.5' ],
45 silly audit   dottie: [ '2.0.6' ],
45 silly audit   eastasianwidth: [ '0.2.0' ],
45 silly audit   editorconfig: [ '1.0.4' ],
45 silly audit   'electron-to-chromium': [ '1.4.746' ],
45 silly audit   emittery: [ '0.13.1' ],
45 silly audit   encoding: [ '0.1.13' ],
45 silly audit   'end-of-stream': [ '1.4.4' ],
45 silly audit   'enhanced-resolve': [ '5.16.0' ],
45 silly audit   entities: [ '3.0.1' ],
45 silly audit   'env-paths': [ '2.2.1' ],
45 silly audit   envinfo: [ '7.12.0' ],
45 silly audit   'err-code': [ '2.0.3' ],
45 silly audit   'error-ex': [ '1.3.2' ],
45 silly audit   'es-abstract': [ '1.23.3' ],
45 silly audit   'es-define-property': [ '1.0.0' ],
45 silly audit   'es-errors': [ '1.3.0' ],
45 silly audit   'es-module-lexer': [ '1.5.0' ],
45 silly audit   'es-object-atoms': [ '1.0.0' ],
45 silly audit   'es-set-tostringtag': [ '2.0.3' ],
45 silly audit   'es-shim-unscopables': [ '1.0.2' ],
45 silly audit   'es-to-primitive': [ '1.2.1' ],
45 silly audit   'es5-ext': [ '0.10.64' ],
45 silly audit   'es6-iterator': [ '2.0.3' ],
45 silly audit   'es6-symbol': [ '3.1.4' ],
45 silly audit   'es6-weak-map': [ '2.0.3' ],
45 silly audit   escalade: [ '3.1.1' ],
45 silly audit   'escape-goat': [ '4.0.0' ],
45 silly audit   'escape-html': [ '1.0.3' ],
45 silly audit   'escape-string-regexp': [ '1.0.5', '4.0.0', '2.0.0' ],
45 silly audit   eslint: [ '8.57.0' ],
45 silly audit   'eslint-config-airbnb-base': [ '15.0.0' ],
45 silly audit   'eslint-import-resolver-node': [ '0.3.9' ],
45 silly audit   'eslint-module-utils': [ '2.8.1' ],
45 silly audit   'eslint-plugin-import': [ '2.29.1' ],
45 silly audit   'eslint-scope': [ '7.2.2', '5.1.1' ],
45 silly audit   'eslint-visitor-keys': [ '3.4.3', '4.0.0' ],
45 silly audit   espree: [ '9.6.1', '10.0.1' ],
45 silly audit   esm: [ '3.2.25' ],
45 silly audit   esniff: [ '2.0.1' ],
45 silly audit   esprima: [ '4.0.1' ],
45 silly audit   esquery: [ '1.5.0' ],
45 silly audit   esrecurse: [ '4.3.0' ],
45 silly audit   estraverse: [ '5.3.0', '4.3.0' ],
45 silly audit   esutils: [ '2.0.3' ],
45 silly audit   'event-emitter': [ '0.3.5' ],
45 silly audit   'event-target-shim': [ '5.0.1' ],
45 silly audit   events: [ '3.3.0' ],
45 silly audit   execa: [ '5.1.1' ],
45 silly audit   exit: [ '0.1.2' ],
45 silly audit   'expand-template': [ '2.0.3' ],
45 silly audit   expect: [ '29.7.0' ],
45 silly audit   'exponential-backoff': [ '3.1.1' ],
45 silly audit   ext: [ '1.7.0' ],
45 silly audit   'fast-content-type-parse': [ '1.1.0' ],
45 silly audit   'fast-copy': [ '3.0.2' ],
45 silly audit   'fast-decode-uri-component': [ '1.0.1' ],
45 silly audit   'fast-deep-equal': [ '3.1.3' ],
45 silly audit   'fast-glob': [ '3.2.11' ],
45 silly audit   'fast-json-stable-stringify': [ '2.1.0' ],
45 silly audit   'fast-json-stringify': [ '5.14.1' ],
45 silly audit   'fast-levenshtein': [ '2.0.6' ],
45 silly audit   'fast-memoize': [ '2.5.2' ],
45 silly audit   'fast-querystring': [ '1.0.0' ],
45 silly audit   'fast-redact': [ '3.5.0' ],
45 silly audit   'fast-safe-stringify': [ '2.1.1' ],
45 silly audit   'fast-uri': [ '2.3.0' ],
45 silly audit   'fastest-levenshtein': [ '1.0.16' ],
45 silly audit   fastify: [ '4.26.2' ],
45 silly audit   'fastify-cli': [ '6.1.1' ],
45 silly audit   'pino-pretty': [ '10.3.1', '11.0.0' ],
45 silly audit   'help-me': [ '5.0.0', '4.2.0' ],
45 silly audit   'readable-stream': [ '4.5.2', '3.6.2' ],
45 silly audit   'fastify-error-page': [ '4.0.0' ],
45 silly audit   'fastify-method-override': [ '1.5.10' ],
45 silly audit   'fastify-objectionjs': [ '2.0.1' ],
45 silly audit   knex: [ '2.5.1', '3.1.0' ],
45 silly audit   'pg-connection-string': [ '2.6.1', '2.6.2', '2.6.4' ],
45 silly audit   'fastify-reverse-routes': [ '3.0.0' ],
45 silly audit   fastq: [ '1.17.1' ],
45 silly audit   'fb-watchman': [ '2.0.2' ],
45 silly audit   'file-entry-cache': [ '6.0.1' ],
45 silly audit   'file-uri-to-path': [ '1.0.0' ],
45 silly audit   'fill-range': [ '7.0.1' ],
45 silly audit   'find-my-way': [ '8.1.0' ],
45 silly audit   'flat-cache': [ '3.2.0' ],
45 silly audit   flatted: [ '3.3.1' ],
45 silly audit   'for-each': [ '0.3.3' ],
45 silly audit   'foreground-child': [ '3.1.1' ],
45 silly audit   'signal-exit': [ '4.1.0', '3.0.7' ],
45 silly audit   'form-data-encoder': [ '2.1.0' ],
45 silly audit   forwarded: [ '0.2.0' ],
45 silly audit   'fp-and-or': [ '0.1.4' ],
45 silly audit   'fs-constants': [ '1.0.0' ],
45 silly audit   'fs-extra': [ '9.1.0' ],
45 silly audit   'fs.realpath': [ '1.0.0' ],
45 silly audit   fsevents: [ '2.3.2' ],
45 silly audit   'function-bind': [ '1.1.2' ],
45 silly audit   'function.prototype.name': [ '1.1.6' ],
45 silly audit   'functions-have-names': [ '1.2.3' ],
45 silly audit   gauge: [ '4.0.4' ],
45 silly audit   generify: [ '4.2.0' ],
45 silly audit   gensync: [ '1.0.0-beta.2' ],
45 silly audit   'get-caller-file': [ '2.0.5' ],
45 silly audit   'get-intrinsic': [ '1.2.4' ],
45 silly audit   'get-package-type': [ '0.1.0' ],
45 silly audit   'get-stdin': [ '8.0.0' ],
45 silly audit   'get-symbol-description': [ '1.0.2' ],
45 silly audit   getopts: [ '2.3.0' ],
45 silly audit   'github-from-package': [ '0.0.0' ],
45 silly audit   'glob-to-regexp': [ '0.4.1' ],
45 silly audit   'global-dirs': [ '3.0.0' ],
45 silly audit   globalthis: [ '1.0.3' ],
45 silly audit   globby: [ '11.1.0' ],
45 silly audit   gopd: [ '1.0.1' ],
45 silly audit   got: [ '12.3.1' ],
45 silly audit   'graceful-fs': [ '4.2.10', '4.2.11' ],
45 silly audit   graphemer: [ '1.4.0' ],
45 silly audit   'has-bigints': [ '1.0.2' ],
45 silly audit   'has-property-descriptors': [ '1.0.2' ],
45 silly audit   'has-proto': [ '1.0.3' ],
45 silly audit   'has-symbols': [ '1.0.3' ],
45 silly audit   'has-tostringtag': [ '1.0.2' ],
45 silly audit   'has-unicode': [ '2.0.1' ],
45 silly audit   'has-yarn': [ '3.0.0' ],
45 silly audit   hashlru: [ '2.3.0' ],
45 silly audit   hasown: [ '2.0.2' ],
45 silly audit   'hosted-git-info': [ '5.2.1', '6.1.1' ],
45 silly audit   'html-escaper': [ '2.0.2' ],
45 silly audit   'http-cache-semantics': [ '4.1.1' ],
45 silly audit   'http-errors': [ '2.0.0' ],
45 silly audit   'http-proxy-agent': [ '5.0.0', '4.0.1' ],
45 silly audit   'http2-wrapper': [ '2.1.11' ],
45 silly audit   'https-proxy-agent': [ '5.0.1' ],
45 silly audit   'human-signals': [ '2.1.0' ],
45 silly audit   'humanize-ms': [ '1.2.1' ],
45 silly audit   i18next: [ '23.11.2' ],
45 silly audit   'iconv-lite': [ '0.6.3' ],
45 silly audit   'icss-utils': [ '5.1.0' ],
45 silly audit   ieee754: [ '1.2.1' ],
45 silly audit   ignore: [ '5.2.0' ],
45 silly audit   'ignore-walk': [ '6.0.4' ],
45 silly audit   'import-fresh': [ '3.3.0' ],
45 silly audit   'resolve-from': [ '4.0.0', '5.0.0' ],
45 silly audit   'import-lazy': [ '4.0.0' ],
45 silly audit   'import-local': [ '3.1.0' ],
45 silly audit   imurmurhash: [ '0.1.4' ],
45 silly audit   'indent-string': [ '4.0.0' ],
45 silly audit   'infer-owner': [ '1.0.4' ],
45 silly audit   inflection: [ '1.13.4' ],
45 silly audit   inflight: [ '1.0.6' ],
45 silly audit   inherits: [ '2.0.4' ],
45 silly audit   'internal-slot': [ '1.0.7' ],
45 silly audit   interpret: [ '2.2.0', '3.1.1' ],
45 silly audit   ip: [ '2.0.0' ],
45 silly audit   'ipaddr.js': [ '1.9.1' ],
45 silly audit   'is-array-buffer': [ '3.0.4' ],
45 silly audit   'is-arrayish': [ '0.2.1' ],
45 silly audit   'is-bigint': [ '1.0.4' ],
45 silly audit   'is-binary-path': [ '2.1.0' ],
45 silly audit   'is-boolean-object': [ '1.1.2' ],
45 silly audit   'is-callable': [ '1.2.7' ],
45 silly audit   'is-ci': [ '3.0.1' ],
45 silly audit   'is-core-module': [ '2.13.1' ],
45 silly audit   'is-data-view': [ '1.0.1' ],
45 silly audit   'is-date-object': [ '1.0.5' ],
45 silly audit   'is-docker': [ '2.2.1' ],
45 silly audit   'is-expression': [ '4.0.0' ],
45 silly audit   'is-extglob': [ '2.1.1' ],
45 silly audit   'is-fullwidth-code-point': [ '3.0.0' ],
45 silly audit   'is-generator-fn': [ '2.1.0' ],
45 silly audit   'is-glob': [ '4.0.3' ],
45 silly audit   'is-installed-globally': [ '0.4.0' ],
45 silly audit   'is-lambda': [ '1.0.1' ],
45 silly audit   'is-negative-zero': [ '2.0.3' ],
45 silly audit   'is-npm': [ '6.0.0' ],
45 silly audit   'is-number': [ '7.0.0' ],
45 silly audit   'is-number-object': [ '1.0.7' ],
45 silly audit   'is-obj': [ '2.0.0' ],
45 silly audit   'is-path-inside': [ '3.0.3' ],
45 silly audit   'is-plain-object': [ '2.0.4' ],
45 silly audit   'is-promise': [ '2.2.2' ],
45 silly audit   'is-regex': [ '1.1.4' ],
45 silly audit   'is-shared-array-buffer': [ '1.0.3' ],
45 silly audit   'is-stream': [ '2.0.1' ],
45 silly audit   'is-string': [ '1.0.7' ],
45 silly audit   'is-symbol': [ '1.0.4' ],
45 silly audit   'is-typed-array': [ '1.1.13' ],
45 silly audit   'is-typedarray': [ '1.0.0' ],
45 silly audit   'is-weakref': [ '1.0.2' ],
45 silly audit   'is-yarn-global': [ '0.4.0' ],
45 silly audit   isarray: [ '2.0.5' ],
45 silly audit   isbinaryfile: [ '4.0.10' ],
45 silly audit   isexe: [ '2.0.0' ],
45 silly audit   isobject: [ '3.0.1' ],
45 silly audit   'istanbul-lib-coverage': [ '3.2.2' ],
45 silly audit   'istanbul-lib-report': [ '3.0.1' ],
45 silly audit   'istanbul-lib-source-maps': [ '4.0.1' ],
45 silly audit   'istanbul-reports': [ '3.1.7' ],
45 silly audit   jackspeak: [ '2.3.6' ],
45 silly audit   jest: [ '29.7.0' ],
45 silly audit   'jest-changed-files': [ '29.7.0' ],
45 silly audit   'jest-circus': [ '29.7.0' ],
45 silly audit   'jest-cli': [ '29.7.0' ],
45 silly audit   'jest-config': [ '29.7.0' ],
45 silly audit   'jest-diff': [ '29.7.0' ],
45 silly audit   'jest-docblock': [ '29.7.0' ],
45 silly audit   'jest-each': [ '29.7.0' ],
45 silly audit   'jest-environment-node': [ '29.7.0' ],
45 silly audit   'jest-get-type': [ '29.6.3' ],
45 silly audit   'jest-haste-map': [ '29.7.0' ],
45 silly audit   'jest-leak-detector': [ '29.7.0' ],
45 silly audit   'jest-matcher-utils': [ '29.7.0' ],
45 silly audit   'jest-message-util': [ '29.7.0' ],
45 silly audit   'jest-mock': [ '29.7.0' ],
45 silly audit   'jest-pnp-resolver': [ '1.2.3' ],
45 silly audit   'jest-regex-util': [ '29.6.3' ],
45 silly audit   'jest-resolve': [ '29.7.0' ],
45 silly audit   'jest-resolve-dependencies': [ '29.7.0' ],
45 silly audit   'jest-runner': [ '29.7.0' ],
45 silly audit   'jest-runtime': [ '29.7.0' ],
45 silly audit   'jest-snapshot': [ '29.7.0' ],
45 silly audit   'jest-util': [ '29.7.0' ],
45 silly audit   'jest-validate': [ '29.7.0' ],
45 silly audit   'jest-watcher': [ '29.7.0' ],
45 silly audit   'jest-worker': [ '29.7.0', '27.5.1' ],
45 silly audit   jju: [ '1.4.0' ],
45 silly audit   joycon: [ '3.1.1' ],
45 silly audit   jquery: [ '3.7.1' ],
45 silly audit   'js-beautify': [ '1.15.1' ],
45 silly audit   nopt: [ '7.2.0', '6.0.0', '5.0.0' ],
45 silly audit   'js-cookie': [ '3.0.5' ],
45 silly audit   'js-stringify': [ '1.0.2' ],
45 silly audit   'js-tokens': [ '4.0.0' ],
45 silly audit   jsesc: [ '2.5.2' ],
45 silly audit   'json-buffer': [ '3.0.1' ],
45 silly audit   'json-parse-even-better-errors': [ '2.3.1', '3.0.1' ],
45 silly audit   'json-parse-helpfulerror': [ '1.0.3' ],
45 silly audit   'json-schema-ref-resolver': [ '1.0.1' ],
45 silly audit   'json-stable-stringify-without-jsonify': [ '1.0.1' ],
45 silly audit   json5: [ '2.2.3', '1.0.2' ],
45 silly audit   jsonfile: [ '6.1.0' ],
45 silly audit   jsonlines: [ '0.1.1' ],
45 silly audit   jsonparse: [ '1.3.1' ],
45 silly audit   jstransformer: [ '1.0.0' ],
45 silly audit   'jstransformer-markdown-it': [ '3.0.0' ],
45 silly audit   keyv: [ '4.5.4' ],
45 silly audit   'kind-of': [ '6.0.3' ],
45 silly audit   kleur: [ '3.0.3', '4.1.5' ],
45 silly audit   'latest-version': [ '7.0.0' ],
45 silly audit   leven: [ '3.1.0' ],
45 silly audit   levn: [ '0.4.1' ],
45 silly audit   'light-my-request': [ '5.13.0' ],
45 silly audit   'lines-and-columns': [ '1.2.4' ],
45 silly audit   'linkify-it': [ '4.0.1' ],
45 silly audit   'loader-runner': [ '4.3.0' ],
45 silly audit   lodash: [ '4.17.21' ],
45 silly audit   'lodash.castarray': [ '4.4.0' ],
45 silly audit   'lodash.compact': [ '3.0.1' ],
45 silly audit   'lodash.isempty': [ '4.4.0' ],
45 silly audit   'lodash.merge': [ '4.6.2' ],
45 silly audit   yallist: [ '3.1.1', '4.0.0' ],
45 silly audit   'lru-queue': [ '0.1.0' ],
45 silly audit   'make-dir': [ '4.0.0' ],
45 silly audit   'make-fetch-happen': [ '11.1.1', '10.2.1', '9.1.0' ],
45 silly audit   'make-promises-safe': [ '5.1.0' ],
45 silly audit   makeerror: [ '1.0.12' ],
45 silly audit   'markdown-it': [ '13.0.2' ],
45 silly audit   mdurl: [ '1.0.1' ],
45 silly audit   'media-typer': [ '0.3.0' ],
45 silly audit   memoizee: [ '0.4.15' ],
45 silly audit   'merge-stream': [ '2.0.0' ],
45 silly audit   merge2: [ '1.4.1' ],
45 silly audit   micromatch: [ '4.0.5' ],
45 silly audit   mime: [ '3.0.0' ],
45 silly audit   'mime-db': [ '1.52.0' ],
45 silly audit   'mime-types': [ '2.1.35' ],
45 silly audit   'mimic-fn': [ '2.1.0' ],
45 silly audit   'mini-css-extract-plugin': [ '2.9.0' ],
45 silly audit   minimist: [ '1.2.6' ],
45 silly audit   'minipass-collect': [ '1.0.2' ],
45 silly audit   'minipass-fetch': [ '3.0.4', '2.1.2', '1.4.1' ],
45 silly audit   'minipass-flush': [ '1.0.5' ],
45 silly audit   'minipass-json-stream': [ '1.0.1' ],
45 silly audit   'minipass-pipeline': [ '1.2.4' ],
45 silly audit   'minipass-sized': [ '1.0.3' ],
45 silly audit   minizlib: [ '2.1.2' ],
45 silly audit   mkdirp: [ '1.0.4' ],
45 silly audit   'mkdirp-classic': [ '0.5.3' ],
45 silly audit   moment: [ '2.30.1' ],
45 silly audit   'moment-timezone': [ '0.5.45' ],
45 silly audit   mustache: [ '4.2.0' ],
45 silly audit   nanoid: [ '3.3.7' ],
45 silly audit   'napi-build-utils': [ '1.0.2' ],
45 silly audit   'natural-compare': [ '1.4.0' ],
45 silly audit   negotiator: [ '0.6.3' ],
45 silly audit   'neo-async': [ '2.6.2' ],
45 silly audit   'next-tick': [ '1.1.0' ],
45 silly audit   'node-abi': [ '3.60.0' ],
45 silly audit   'node-addon-api': [ '4.3.0', '7.1.0' ],
45 silly audit   'node-gyp': [ '9.4.1', '8.4.1' ],
45 silly audit   'node-gyp-build': [ '4.8.0' ],
45 silly audit   ssri: [ '9.0.1', '8.0.1', '10.0.5' ],
45 silly audit   'node-int64': [ '0.4.0' ],
45 silly audit   'node-releases': [ '2.0.14' ],
45 silly audit   'normalize-package-data': [ '5.0.0' ],
45 silly audit   'normalize-path': [ '3.0.0' ],
45 silly audit   'normalize-url': [ '6.1.0' ],
45 silly audit   'npm-bundled': [ '3.0.0' ],
45 silly audit   'npm-check-updates': [ '16.14.18' ],
45 silly audit   rimraf: [ '5.0.5', '3.0.2' ],
45 silly audit   'source-map-support': [ '0.5.21', '0.5.13' ],
45 silly audit   'strip-json-comments': [ '5.0.1', '2.0.1', '3.1.1' ],
45 silly audit   'npm-install-checks': [ '6.3.0' ],
45 silly audit   'npm-normalize-package-bin': [ '3.0.1' ],
45 silly audit   'npm-package-arg': [ '10.1.0' ],
45 silly audit   'npm-packlist': [ '7.0.4' ],
45 silly audit   'npm-pick-manifest': [ '8.0.2' ],
45 silly audit   'npm-registry-fetch': [ '14.0.5' ],
45 silly audit   'npm-run-path': [ '4.0.1' ],
45 silly audit   npmlog: [ '6.0.2' ],
45 silly audit   'object-assign': [ '4.1.1' ],
45 silly audit   'object-inspect': [ '1.13.1' ],
45 silly audit   'object-keys': [ '1.1.1' ],
45 silly audit   'object.assign': [ '4.1.5' ],
45 silly audit   'object.entries': [ '1.1.8' ],
45 silly audit   'object.fromentries': [ '2.0.8' ],
45 silly audit   'object.groupby': [ '1.0.3' ],
45 silly audit   'object.values': [ '1.2.0' ],
45 silly audit   objection: [ '3.1.4' ],
45 silly audit   'objection-unique': [ '1.2.2' ],
45 silly audit   'on-exit-leak-free': [ '2.1.2' ],
45 silly audit   once: [ '1.4.0' ],
45 silly audit   onetime: [ '5.1.2' ],
45 silly audit   optionator: [ '0.9.3' ],
45 silly audit   'p-cancelable': [ '3.0.0' ],
45 silly audit   'p-map': [ '4.0.0' ],
45 silly audit   'p-try': [ '2.2.0' ],
45 silly audit   'package-json': [ '8.1.0' ],
45 silly audit   pacote: [ '15.2.0' ],
45 silly audit   'parent-module': [ '1.0.1' ],
45 silly audit   'parse-github-url': [ '1.0.2' ],
45 silly audit   'parse-json': [ '5.2.0' ],
45 silly audit   'path-exists': [ '4.0.0', '3.0.0' ],
45 silly audit   'path-is-absolute': [ '1.0.1' ],
45 silly audit   'path-key': [ '3.1.1' ],
45 silly audit   'path-parse': [ '1.0.7' ],
45 silly audit   'path-scurry': [ '1.10.2' ],
45 silly audit   'path-to-regexp': [ '6.2.1' ],
45 silly audit   'path-type': [ '4.0.0' ],
45 silly audit   pg: [ '8.11.5' ],
45 silly audit   'pg-cloudflare': [ '1.1.1' ],
45 silly audit   'pg-int8': [ '1.0.1' ],
45 silly audit   'pg-pool': [ '3.6.2' ],
45 silly audit   'pg-protocol': [ '1.6.1' ],
45 silly audit   'pg-types': [ '2.2.0' ],
45 silly audit   pgpass: [ '1.0.5' ],
45 silly audit   split2: [ '4.2.0', '3.2.2' ],
45 silly audit   picocolors: [ '1.0.0' ],
45 silly audit   picomatch: [ '2.3.1' ],
45 silly audit   pino: [ '8.20.0' ],
45 silly audit   'pino-abstract-transport': [ '1.2.0' ],
45 silly audit   'pino-std-serializers': [ '6.2.2' ],
45 silly audit   pirates: [ '4.0.6' ],
45 silly audit   'pkg-dir': [ '4.2.0' ],
45 silly audit   'pkg-up': [ '3.1.0' ],
45 silly audit   'possible-typed-array-names': [ '1.0.0' ],
45 silly audit   postcss: [ '8.4.38' ],
45 silly audit   'postcss-modules-extract-imports': [ '3.1.0' ],
45 silly audit   'postcss-modules-local-by-default': [ '4.0.5' ],
45 silly audit   'postcss-modules-scope': [ '3.2.0' ],
45 silly audit   'postcss-modules-values': [ '4.0.0' ],
45 silly audit   'postcss-selector-parser': [ '6.0.16' ],
45 silly audit   'postcss-value-parser': [ '4.2.0' ],
45 silly audit   'postgres-array': [ '2.0.0' ],
45 silly audit   'postgres-bytea': [ '1.0.0' ],
45 silly audit   'postgres-date': [ '1.0.7' ],
45 silly audit   'postgres-interval': [ '1.2.0' ],
45 silly audit   'prebuild-install': [ '7.1.2' ],
45 silly audit   'prelude-ls': [ '1.2.1' ],
45 silly audit   'pretty-format': [ '29.7.0' ],
45 silly audit   'proc-log': [ '3.0.0' ],
45 silly audit   process: [ '0.11.10' ],
45 silly audit   'process-warning': [ '3.0.0' ],
45 silly audit   progress: [ '2.0.3' ],
45 silly audit   promise: [ '7.3.1' ],
45 silly audit   'promise-inflight': [ '1.0.1' ],
45 silly audit   'promise-retry': [ '2.0.1' ],
45 silly audit   prompts: [ '2.4.2' ],
45 silly audit   'prompts-ncu': [ '3.0.0' ],
45 silly audit   'proto-list': [ '1.2.4' ],
45 silly audit   'proxy-addr': [ '2.0.7' ],
45 silly audit   pug: [ '3.0.2' ],
45 silly audit   'pug-attrs': [ '3.0.0' ],
45 silly audit   'pug-code-gen': [ '3.0.2' ],
45 silly audit   'pug-error': [ '2.0.0' ],
45 silly audit   'pug-filters': [ '4.0.0' ],
45 silly audit   'pug-lexer': [ '5.0.1' ],
45 silly audit   'pug-linker': [ '4.0.0' ],
45 silly audit   'pug-load': [ '3.0.0' ],
45 silly audit   'pug-parser': [ '6.0.0' ],
45 silly audit   'pug-runtime': [ '3.0.1' ],
45 silly audit   'pug-strip-comments': [ '2.0.0' ],
45 silly audit   'pug-walk': [ '2.0.0' ],
45 silly audit   pump: [ '3.0.0' ],
45 silly audit   punycode: [ '2.1.1' ],
45 silly audit   pupa: [ '3.1.0' ],
45 silly audit   'pure-rand': [ '6.1.0' ],
45 silly audit   qs: [ '6.12.1' ],
45 silly audit   'queue-microtask': [ '1.2.3' ],
45 silly audit   'quick-format-unescaped': [ '4.0.4' ],
45 silly audit   'quick-lru': [ '5.1.1' ],
45 silly audit   randombytes: [ '2.1.0' ],
45 silly audit   rc: [ '1.2.8' ],
45 silly audit   'rc-config-loader': [ '4.1.3' ],
45 silly audit   'react-is': [ '18.2.0' ],
45 silly audit   'read-package-json': [ '6.0.4' ],
45 silly audit   'read-package-json-fast': [ '3.0.2' ],
45 silly audit   readdirp: [ '3.6.0' ],
45 silly audit   'real-require': [ '0.2.0' ],
45 silly audit   rechoir: [ '0.8.0' ],
45 silly audit   'regenerator-runtime': [ '0.14.1' ],
45 silly audit   'regexp.prototype.flags': [ '1.5.2' ],
45 silly audit   'registry-auth-token': [ '5.0.1' ],
45 silly audit   'registry-url': [ '6.0.1' ],
45 silly audit   'remote-git-tags': [ '3.0.0' ],
45 silly audit   'require-directory': [ '2.1.1' ],
45 silly audit   'require-from-string': [ '2.0.2' ],
45 silly audit   resolve: [ '1.22.8' ],
45 silly audit   'resolve-alpn': [ '1.2.1' ],
45 silly audit   'resolve-cwd': [ '3.0.0' ],
45 silly audit   'resolve.exports': [ '2.0.2' ],
45 silly audit   responselike: [ '2.0.1' ],
45 silly audit   ret: [ '0.2.2' ],
45 silly audit   retry: [ '0.12.0' ],
45 silly audit   'retry-as-promised': [ '7.0.4' ],
45 silly audit   reusify: [ '1.0.4' ],
45 silly audit   rfdc: [ '1.3.1' ],
45 silly audit   'run-parallel': [ '1.2.0' ],
45 silly audit   rxjs: [ '7.8.1' ],
45 silly audit   'safe-array-concat': [ '1.1.2' ],
45 silly audit   'safe-buffer': [ '5.2.1' ],
45 silly audit   'safe-regex-test': [ '1.0.3' ],
45 silly audit   'safe-regex2': [ '2.0.0' ],
45 silly audit   'safe-stable-stringify': [ '2.4.3' ],
45 silly audit   'safer-buffer': [ '2.1.2' ],
45 silly audit   'schema-utils': [ '4.0.0', '3.3.0' ],
45 silly audit   'secure-json-parse': [ '2.7.0' ],
45 silly audit   'semver-diff': [ '4.0.0' ],
45 silly audit   'semver-utils': [ '1.1.4' ],
45 silly audit   sequelize: [ '6.37.3' ],
45 silly audit   'sequelize-cli': [ '6.6.2' ],
45 silly audit   yargs: [ '16.2.0', '17.7.2' ],
45 silly audit   'yargs-parser': [ '20.2.9', '21.1.1' ],
45 silly audit   'sequelize-pool': [ '7.1.0' ],
45 silly audit   'serialize-javascript': [ '6.0.2' ],
45 silly audit   'set-blocking': [ '2.0.0' ],
45 silly audit   'set-cookie-parser': [ '2.6.0' ],
45 silly audit   'set-function-length': [ '1.2.2' ],
45 silly audit   'set-function-name': [ '2.0.2' ],
45 silly audit   setprototypeof: [ '1.2.0' ],
45 silly audit   'shallow-clone': [ '3.0.1' ],
45 silly audit   'shebang-command': [ '2.0.0' ],
45 silly audit   'shebang-regex': [ '3.0.0' ],
45 silly audit   'shell-quote': [ '1.8.1' ],
45 silly audit   'side-channel': [ '1.0.6' ],
45 silly audit   sigstore: [ '1.9.0' ],
45 silly audit   'simple-concat': [ '1.0.1' ],
45 silly audit   'simple-get': [ '4.0.1' ],
45 silly audit   sisteransi: [ '1.0.5' ],
45 silly audit   slash: [ '3.0.0' ],
45 silly audit   'smart-buffer': [ '4.2.0' ],
45 silly audit   socks: [ '2.7.0' ],
45 silly audit   'socks-proxy-agent': [ '7.0.0', '6.2.1' ],
45 silly audit   'sodium-native': [ '4.1.1' ],
45 silly audit   'sonic-boom': [ '3.8.1' ],
45 silly audit   'source-map': [ '0.6.1' ],
45 silly audit   'source-map-js': [ '1.2.0' ],
45 silly audit   'spawn-command': [ '0.0.2' ],
45 silly audit   'spawn-please': [ '2.0.2' ],
45 silly audit   'spdx-correct': [ '3.2.0' ],
45 silly audit   'spdx-exceptions': [ '2.5.0' ],
45 silly audit   'spdx-expression-parse': [ '3.0.1' ],
45 silly audit   'spdx-license-ids': [ '3.0.17' ],
45 silly audit   'sprintf-js': [ '1.0.3' ],
45 silly audit   sqlite3: [ '5.1.7' ],
45 silly audit   'stack-trace': [ '0.0.10' ],
45 silly audit   'stack-utils': [ '2.0.6' ],
45 silly audit   statuses: [ '2.0.1' ],
45 silly audit   string_decoder: [ '1.3.0' ],
45 silly audit   'string-length': [ '4.0.2' ],
45 silly audit   'string.prototype.trim': [ '1.2.9' ],
45 silly audit   'string.prototype.trimend': [ '1.0.8' ],
45 silly audit   'string.prototype.trimstart': [ '1.0.8' ],
45 silly audit   'strip-bom': [ '4.0.0', '3.0.0' ],
45 silly audit   'strip-final-newline': [ '2.0.0' ],
45 silly audit   'style-loader': [ '4.0.0' ],
45 silly audit   'supports-preserve-symlinks-flag': [ '1.0.0' ],
45 silly audit   tapable: [ '2.2.1' ],
45 silly audit   tar: [ '6.1.11' ],
45 silly audit   'tar-fs': [ '2.1.1' ],
45 silly audit   'tar-stream': [ '2.2.0' ],
45 silly audit   tarn: [ '3.0.2' ],
45 silly audit   terser: [ '5.30.4' ],
45 silly audit   'terser-webpack-plugin': [ '5.3.10' ],
45 silly audit   'test-exclude': [ '6.0.0' ],
45 silly audit   'text-table': [ '0.2.0' ],
45 silly audit   'thread-stream': [ '2.6.0' ],
45 silly audit   tildify: [ '2.0.0' ],
45 silly audit   'timers-ext': [ '0.1.7' ],
45 silly audit   tmpl: [ '1.0.5' ],
45 silly audit   'to-fast-properties': [ '2.0.0' ],
45 silly audit   'to-regex-range': [ '5.0.1' ],
45 silly audit   'toad-cache': [ '3.7.0' ],
45 silly audit   toidentifier: [ '1.0.1' ],
45 silly audit   'token-stream': [ '1.0.0' ],
45 silly audit   'toposort-class': [ '1.0.1' ],
45 silly audit   'tree-kill': [ '1.2.2' ],
45 silly audit   'tsconfig-paths': [ '3.15.0' ],
45 silly audit   tslib: [ '2.6.2' ],
45 silly audit   'tuf-js': [ '1.1.7' ],
45 silly audit   'tunnel-agent': [ '0.6.0' ],
45 silly audit   type: [ '2.7.2' ],
45 silly audit   'type-check': [ '0.4.0' ],
45 silly audit   'type-detect': [ '4.0.8' ],
45 silly audit   'type-is': [ '1.6.18' ],
45 silly audit   'typed-array-buffer': [ '1.0.2' ],
45 silly audit   'typed-array-byte-length': [ '1.0.1' ],
45 silly audit   'typed-array-byte-offset': [ '1.0.2' ],
45 silly audit   'typed-array-length': [ '1.0.6' ],
45 silly audit   'typedarray-to-buffer': [ '3.1.5' ],
45 silly audit   'uc.micro': [ '1.0.6' ],
45 silly audit   umzug: [ '2.3.0' ],
45 silly audit   'unbox-primitive': [ '1.0.2' ],
45 silly audit   'undici-types': [ '5.26.5' ],
45 silly audit   'unique-string': [ '3.0.0' ],
45 silly audit   universalify: [ '2.0.1' ],
45 silly audit   untildify: [ '4.0.0' ],
45 silly audit   'update-browserslist-db': [ '1.0.13' ],
45 silly audit   'update-notifier': [ '6.0.2' ],
45 silly audit   'uri-js': [ '4.4.1' ],
45 silly audit   'util-deprecate': [ '1.0.2' ],
45 silly audit   uuid: [ '8.3.2' ],
45 silly audit   'v8-to-istanbul': [ '9.2.0' ],
45 silly audit   'validate-npm-package-license': [ '3.0.4' ],
45 silly audit   'validate-npm-package-name': [ '5.0.0' ],
45 silly audit   validator: [ '13.11.0' ],
45 silly audit   vary: [ '1.1.2' ],
45 silly audit   'void-elements': [ '3.1.0' ],
45 silly audit   walker: [ '1.0.8' ],
45 silly audit   watchpack: [ '2.4.1' ],
45 silly audit   webpack: [ '5.91.0' ],
45 silly audit   'webpack-cli': [ '5.1.4' ],
45 silly audit   'webpack-merge': [ '5.8.0' ],
45 silly audit   'webpack-sources': [ '3.2.3' ],
45 silly audit   'which-boxed-primitive': [ '1.0.2' ],
45 silly audit   'which-typed-array': [ '1.1.15' ],
45 silly audit   'wide-align': [ '1.1.5' ],
45 silly audit   'widest-line': [ '4.0.1' ],
45 silly audit   wildcard: [ '2.0.0' ],
45 silly audit   with: [ '7.0.2' ],
45 silly audit   wkx: [ '0.5.0' ],
45 silly audit   wrappy: [ '1.0.2' ],
45 silly audit   'xdg-basedir': [ '5.1.0' ],
45 silly audit   xtend: [ '4.0.2' ],
45 silly audit   y18n: [ '5.0.8' ],
45 silly audit   'yocto-queue': [ '0.1.0' ],
45 silly audit   youch: [ '2.2.2' ]
45 silly audit }
46 verbose reify failed optional dependency /root/node_modules/fsevents
47 silly reify mark deleted [ '/root/node_modules/fsevents' ]
48 timing reifyNode:node_modules/fsevents Completed in 136ms
49 timing reifyNode:node_modules/natural-compare Completed in 1660ms
50 timing reifyNode:node_modules/fb-watchman Completed in 1659ms
51 timing reifyNode:node_modules/eastasianwidth Completed in 1655ms
52 timing reifyNode:node_modules/@webassemblyjs/helper-api-error Completed in 1651ms
53 timing reifyNode:node_modules/wrap-ansi-cjs Completed in 1705ms
54 timing reifyNode:node_modules/wrappy Completed in 1705ms
55 timing reifyNode:node_modules/wide-align Completed in 1704ms
56 timing reifyNode:node_modules/void-elements Completed in 1703ms
57 timing reifyNode:node_modules/validate-npm-package-license Completed in 1704ms
58 timing reifyNode:node_modules/universalify Completed in 1702ms
59 timing reifyNode:node_modules/to-fast-properties Completed in 1701ms
60 timing reifyNode:node_modules/strip-final-newline Completed in 1700ms
61 timing reifyNode:node_modules/spdx-license-ids Completed in 1700ms
62 timing reifyNode:node_modules/spdx-exceptions Completed in 1700ms
63 timing reifyNode:node_modules/shebang-command Completed in 1699ms
64 timing reifyNode:node_modules/shallow-clone Completed in 1700ms
65 timing reifyNode:node_modules/run-parallel Completed in 1700ms
66 timing reifyNode:node_modules/resolve-alpn Completed in 1701ms
67 timing reifyNode:node_modules/require-from-string Completed in 1700ms
68 timing reifyNode:node_modules/remote-git-tags Completed in 1701ms
69 timing reifyNode:node_modules/pug-error Completed in 1700ms
70 timing reifyNode:node_modules/pug-attrs Completed in 1700ms
71 timing reifyNode:node_modules/promise-inflight Completed in 1700ms
72 timing reifyNode:node_modules/postgres-date Completed in 1700ms
73 timing reifyNode:node_modules/postgres-bytea Completed in 1701ms
74 timing reifyNode:node_modules/pg-int8 Completed in 1700ms
75 timing reifyNode:node_modules/path-parse Completed in 1701ms
76 timing reifyNode:node_modules/parse-json Completed in 1700ms
77 timing reifyNode:node_modules/path-is-absolute Completed in 1702ms
78 timing reifyNode:node_modules/once Completed in 1700ms
79 timing reifyNode:node_modules/parent-module Completed in 1702ms
80 timing reifyNode:node_modules/object-assign Completed in 1701ms
81 timing reifyNode:node_modules/normalize-path Completed in 1700ms
82 timing reifyNode:node_modules/ms Completed in 1701ms
83 timing reifyNode:node_modules/minipass-pipeline Completed in 1700ms
84 timing reifyNode:node_modules/minipass-flush Completed in 1700ms
85 timing reifyNode:node_modules/minipass-json-stream Completed in 1700ms
86 timing reifyNode:node_modules/mkdirp-classic Completed in 1702ms
87 timing reifyNode:node_modules/mimic-response Completed in 1702ms
88 timing reifyNode:node_modules/merge2 Completed in 1702ms
89 timing reifyNode:node_modules/merge-stream Completed in 1703ms
90 timing reifyNode:node_modules/minipass-collect Completed in 1703ms
91 timing reifyNode:node_modules/lodash.compact Completed in 1702ms
92 timing reifyNode:node_modules/lodash.castarray Completed in 1702ms
93 timing reifyNode:node_modules/jstransformer-markdown-it Completed in 1703ms
94 timing reifyNode:node_modules/isarray Completed in 1705ms
95 timing reifyNode:node_modules/is-number Completed in 1706ms
96 timing reifyNode:node_modules/is-extglob Completed in 1705ms
97 timing reifyNode:node_modules/ini Completed in 1706ms
98 timing reifyNode:node_modules/ip Completed in 1706ms
99 timing reifyNode:node_modules/inflight Completed in 1707ms
100 timing reifyNode:node_modules/imurmurhash Completed in 1706ms
101 timing reifyNode:node_modules/infer-owner Completed in 1707ms
102 timing reifyNode:node_modules/has-unicode Completed in 1706ms
103 timing reifyNode:node_modules/glob-parent Completed in 1706ms
104 timing reifyNode:node_modules/fast-levenshtein Completed in 1708ms
105 timing reifyNode:node_modules/eslint-import-resolver-node Completed in 1708ms
106 timing reifyNode:node_modules/escape-string-regexp Completed in 1709ms
107 timing reifyNode:node_modules/escape-html Completed in 1709ms
108 timing reifyNode:node_modules/error-ex Completed in 1709ms
109 timing reifyNode:node_modules/end-of-stream Completed in 1711ms
110 timing reifyNode:node_modules/dottie Completed in 1710ms
111 timing reifyNode:node_modules/dir-glob Completed in 1712ms
112 timing reifyNode:node_modules/configstore Completed in 1712ms
113 timing reifyNode:node_modules/confusing-browser-globals Completed in 1713ms
114 timing reifyNode:node_modules/color-name Completed in 1712ms
115 timing reifyNode:node_modules/clone-deep Completed in 1713ms
116 timing reifyNode:node_modules/chownr Completed in 1713ms
117 timing reifyNode:node_modules/builtins Completed in 1712ms
118 timing reifyNode:node_modules/buffer-from Completed in 1712ms
119 timing reifyNode:node_modules/brace-expansion Completed in 1712ms
120 timing reifyNode:node_modules/bindings Completed in 1712ms
121 timing reifyNode:node_modules/babel-preset-jest Completed in 1712ms
122 timing reifyNode:node_modules/at-least-node Completed in 1712ms
123 timing reifyNode:node_modules/abbrev Completed in 1713ms
124 timing reifyNode:node_modules/abstract-logging Completed in 1714ms
125 timing reifyNode:node_modules/@webassemblyjs/helper-wasm-bytecode Completed in 1713ms
126 timing reifyNode:node_modules/@types/yargs-parser Completed in 1714ms
127 timing reifyNode:node_modules/@types/stack-utils Completed in 1714ms
128 timing reifyNode:node_modules/@types/stack-trace Completed in 1715ms
129 timing reifyNode:node_modules/@types/semver-utils Completed in 1714ms
130 timing reifyNode:node_modules/@types/responselike Completed in 1714ms
131 timing reifyNode:node_modules/@types/ms Completed in 1714ms
132 timing reifyNode:node_modules/@types/json5 Completed in 1715ms
133 timing reifyNode:node_modules/@types/keyv Completed in 1715ms
134 timing reifyNode:node_modules/@types/istanbul-reports Completed in 1716ms
135 timing reifyNode:node_modules/@types/istanbul-lib-coverage Completed in 1716ms
136 timing reifyNode:node_modules/@types/http-cache-semantics Completed in 1716ms
137 timing reifyNode:node_modules/@types/graceful-fs Completed in 1716ms
138 timing reifyNode:node_modules/@types/istanbul-lib-report Completed in 1717ms
139 timing reifyNode:node_modules/@types/cacheable-request Completed in 1716ms
140 timing reifyNode:node_modules/@types/eslint-scope Completed in 1717ms
141 timing reifyNode:node_modules/@types/debug Completed in 1716ms
142 timing reifyNode:node_modules/@types/babel__generator Completed in 1716ms
143 timing reifyNode:node_modules/@types/babel__template Completed in 1717ms
144 timing reifyNode:node_modules/@gar/promisify Completed in 1719ms
145 timing reifyNode:node_modules/@npmcli/node-gyp Completed in 1722ms
146 timing reifyNode:node_modules/tsconfig-paths/node_modules/strip-bom Completed in 1773ms
147 timing reifyNode:node_modules/tar-fs/node_modules/chownr Completed in 1773ms
148 timing reifyNode:node_modules/sqlite3/node_modules/@npmcli/move-file Completed in 1772ms
149 timing reifyNode:node_modules/sequelize-cli/node_modules/wrap-ansi Completed in 1771ms
150 timing reifyNode:node_modules/rc/node_modules/strip-json-comments Completed in 1770ms
151 timing reifyNode:node_modules/rc/node_modules/ini Completed in 1770ms
152 timing reifyNode:node_modules/pkg-up/node_modules/p-locate Completed in 1765ms
153 timing reifyNode:node_modules/pkg-up/node_modules/path-exists Completed in 1766ms
154 timing reifyNode:node_modules/pkg-up/node_modules/find-up Completed in 1766ms
155 timing reifyNode:node_modules/pkg-up/node_modules/locate-path Completed in 1766ms
156 timing reifyNode:node_modules/config-chain/node_modules/ini Completed in 1747ms
157 timing reifyNode:node_modules/cliui/node_modules/wrap-ansi Completed in 1747ms
158 timing reifyNode:node_modules/debug/node_modules/ms Completed in 1748ms
159 timing reifyNode:node_modules/import-fresh/node_modules/resolve-from Completed in 1759ms
160 timing reifyNode:node_modules/@babel/highlight/node_modules/has-flag Completed in 1735ms
161 timing reifyNode:node_modules/@babel/highlight/node_modules/ansi-styles Completed in 1734ms
162 timing reifyNode:node_modules/yocto-queue Completed in 1793ms
163 timing reifyNode:node_modules/xdg-basedir Completed in 1793ms
164 timing reifyNode:node_modules/wrap-ansi Completed in 1793ms
165 timing reifyNode:node_modules/widest-line Completed in 1792ms
166 timing reifyNode:node_modules/write-file-atomic Completed in 1793ms
167 timing reifyNode:node_modules/vary Completed in 1791ms
168 timing reifyNode:node_modules/validate-npm-package-name Completed in 1791ms
169 timing reifyNode:node_modules/unique-string Completed in 1790ms
170 timing reifyNode:node_modules/untildify Completed in 1790ms
171 timing reifyNode:node_modules/type-is Completed in 1790ms
172 timing reifyNode:node_modules/tunnel-agent Completed in 1790ms
173 timing reifyNode:node_modules/tildify Completed in 1790ms
174 timing reifyNode:node_modules/to-regex-range Completed in 1791ms
175 timing reifyNode:node_modules/toidentifier Completed in 1792ms
176 timing reifyNode:node_modules/tmpl Completed in 1791ms
177 timing reifyNode:node_modules/supports-color Completed in 1791ms
178 timing reifyNode:node_modules/strip-json-comments Completed in 1791ms
179 timing reifyNode:node_modules/strip-bom Completed in 1791ms
180 timing reifyNode:node_modules/strip-ansi-cjs Completed in 1792ms
181 timing reifyNode:node_modules/strip-ansi Completed in 1792ms
182 timing reifyNode:node_modules/string-width-cjs Completed in 1792ms
183 timing reifyNode:node_modules/string-length Completed in 1793ms
184 timing reifyNode:node_modules/stack-utils Completed in 1793ms
185 timing reifyNode:node_modules/string-width Completed in 1794ms
186 timing reifyNode:node_modules/slash Completed in 1792ms
187 timing reifyNode:node_modules/signal-exit Completed in 1793ms
188 timing reifyNode:node_modules/shebang-regex Completed in 1793ms
189 timing reifyNode:node_modules/set-blocking Completed in 1792ms
190 timing reifyNode:node_modules/serialize-javascript Completed in 1793ms
191 timing reifyNode:node_modules/semver-diff Completed in 1793ms
192 timing reifyNode:node_modules/responselike Completed in 1795ms
193 timing reifyNode:node_modules/resolve-from Completed in 1795ms
194 timing reifyNode:node_modules/resolve-cwd Completed in 1795ms
195 timing reifyNode:node_modules/registry-url Completed in 1795ms
196 timing reifyNode:node_modules/read-package-json-fast Completed in 1795ms
197 timing reifyNode:node_modules/read-package-json Completed in 1796ms
198 timing reifyNode:node_modules/real-require Completed in 1796ms
199 timing reifyNode:node_modules/quick-lru Completed in 1795ms
200 timing reifyNode:node_modules/queue-microtask Completed in 1795ms
201 timing reifyNode:node_modules/pupa Completed in 1795ms
202 timing reifyNode:node_modules/pug-strip-comments Completed in 1796ms
203 timing reifyNode:node_modules/pug-walk Completed in 1796ms
204 timing reifyNode:node_modules/pug-load Completed in 1795ms
205 timing reifyNode:node_modules/pug-linker Completed in 1795ms
206 timing reifyNode:node_modules/proc-log Completed in 1794ms
207 timing reifyNode:node_modules/postgres-interval Completed in 1794ms
208 timing reifyNode:node_modules/postgres-array Completed in 1798ms
209 timing reifyNode:node_modules/pkg-up Completed in 1798ms
210 timing reifyNode:node_modules/pkg-dir Completed in 1798ms
211 timing reifyNode:node_modules/pg-connection-string Completed in 1798ms
212 timing reifyNode:node_modules/path-type Completed in 1799ms
213 timing reifyNode:node_modules/path-exists Completed in 1798ms
214 timing reifyNode:node_modules/path-key Completed in 1799ms
215 timing reifyNode:node_modules/pgpass Completed in 1799ms
216 timing reifyNode:node_modules/p-map Completed in 1798ms
217 timing reifyNode:node_modules/p-try Completed in 1798ms
218 timing reifyNode:node_modules/onetime Completed in 1798ms
219 timing reifyNode:node_modules/p-limit Completed in 1799ms
220 timing reifyNode:node_modules/p-locate Completed in 1799ms
221 timing reifyNode:node_modules/npm-run-path Completed in 1798ms
222 timing reifyNode:node_modules/npm-normalize-package-bin Completed in 1798ms
223 timing reifyNode:node_modules/npm-install-checks Completed in 1799ms
224 timing reifyNode:node_modules/npm-bundled Completed in 1798ms
225 timing reifyNode:node_modules/mimic-fn Completed in 1797ms
226 timing reifyNode:node_modules/media-typer Completed in 1798ms
227 timing reifyNode:node_modules/make-dir Completed in 1797ms
228 timing reifyNode:node_modules/lodash.isempty Completed in 1798ms
229 timing reifyNode:node_modules/lowercase-keys Completed in 1798ms
230 timing reifyNode:node_modules/lru-cache Completed in 1798ms
231 timing reifyNode:node_modules/locate-path Completed in 1797ms
232 timing reifyNode:node_modules/leven Completed in 1797ms
233 timing reifyNode:node_modules/kleur Completed in 1798ms
234 timing reifyNode:node_modules/json-parse-even-better-errors Completed in 1798ms
235 timing reifyNode:node_modules/latest-version Completed in 1799ms
236 timing reifyNode:node_modules/jest-resolve-dependencies Completed in 1800ms
237 timing reifyNode:node_modules/jest-regex-util Completed in 1800ms
238 timing reifyNode:node_modules/jest-get-type Completed in 1800ms
239 timing reifyNode:node_modules/jest-environment-node Completed in 1800ms
240 timing reifyNode:node_modules/isobject Completed in 1801ms
241 timing reifyNode:node_modules/is-stream Completed in 1801ms
242 timing reifyNode:node_modules/is-typedarray Completed in 1801ms
243 timing reifyNode:node_modules/is-path-inside Completed in 1801ms
244 timing reifyNode:node_modules/is-obj Completed in 1802ms
245 timing reifyNode:node_modules/is-promise Completed in 1802ms
246 timing reifyNode:node_modules/is-npm Completed in 1802ms
247 timing reifyNode:node_modules/is-plain-object Completed in 1802ms
248 timing reifyNode:node_modules/is-glob Completed in 1803ms
249 timing reifyNode:node_modules/is-installed-globally Completed in 1803ms
250 timing reifyNode:node_modules/is-fullwidth-code-point Completed in 1802ms
251 timing reifyNode:node_modules/is-expression Completed in 1802ms
252 timing reifyNode:node_modules/is-generator-fn Completed in 1804ms
253 timing reifyNode:node_modules/inherits Completed in 1803ms
254 timing reifyNode:node_modules/indent-string Completed in 1803ms
255 timing reifyNode:node_modules/is-binary-path Completed in 1804ms
256 timing reifyNode:node_modules/ieee754 Completed in 1803ms
257 timing reifyNode:node_modules/import-fresh Completed in 1803ms
258 timing reifyNode:node_modules/humanize-ms Completed in 1804ms
259 timing reifyNode:node_modules/import-lazy Completed in 1804ms
260 timing reifyNode:node_modules/http-errors Completed in 1804ms
261 timing reifyNode:node_modules/has-yarn Completed in 1804ms
262 timing reifyNode:node_modules/has-flag Completed in 1805ms
263 timing reifyNode:node_modules/global-dirs Completed in 1804ms
264 timing reifyNode:node_modules/get-stdin Completed in 1805ms
265 timing reifyNode:node_modules/fs-minipass Completed in 1804ms
266 timing reifyNode:node_modules/fs-constants Completed in 1805ms
267 timing reifyNode:node_modules/forwarded Completed in 1805ms
268 timing reifyNode:node_modules/fill-range Completed in 1804ms
269 timing reifyNode:node_modules/find-up Completed in 1804ms
270 timing reifyNode:node_modules/fastify-method-override Completed in 1804ms
271 timing reifyNode:node_modules/escape-goat Completed in 1806ms
272 timing reifyNode:node_modules/env-paths Completed in 1805ms
273 timing reifyNode:node_modules/detect-newline Completed in 1805ms
274 timing reifyNode:node_modules/dot-prop Completed in 1805ms
275 timing reifyNode:node_modules/decompress-response Completed in 1805ms
276 timing reifyNode:node_modules/cookie-signature Completed in 1804ms
277 timing reifyNode:node_modules/convert-source-map Completed in 1804ms
278 timing reifyNode:node_modules/console-control-strings Completed in 1805ms
279 timing reifyNode:node_modules/config-chain Completed in 1805ms
280 timing reifyNode:node_modules/clone-response Completed in 1808ms
281 timing reifyNode:node_modules/clean-stack Completed in 1809ms
282 timing reifyNode:node_modules/char-regex Completed in 1808ms
283 timing reifyNode:node_modules/character-parser Completed in 1809ms
284 timing reifyNode:node_modules/callsites Completed in 1809ms
285 timing reifyNode:node_modules/camelcase Completed in 1809ms
286 timing reifyNode:node_modules/bser Completed in 1808ms
287 timing reifyNode:node_modules/assert-never Completed in 1809ms
288 timing reifyNode:node_modules/array-union Completed in 1810ms
289 timing reifyNode:node_modules/aproba Completed in 1810ms
290 timing reifyNode:node_modules/anymatch Completed in 1811ms
291 timing reifyNode:node_modules/ansi-regex Completed in 1810ms
292 timing reifyNode:node_modules/aggregate-error Completed in 1810ms
293 timing reifyNode:node_modules/ansi-align Completed in 1811ms
294 timing reifyNode:node_modules/@webassemblyjs/ieee754 Completed in 1811ms
295 timing reifyNode:node_modules/@webassemblyjs/floating-point-hex-parser Completed in 1811ms
296 timing reifyNode:node_modules/@webassemblyjs/helper-numbers Completed in 1814ms
297 timing reifyNode:node_modules/@npmcli/installed-package-contents Completed in 1811ms
298 timing reifyNode:node_modules/@jest/globals Completed in 1811ms
299 warn deprecated @npmcli/move-file@2.0.1: This functionality has been moved to @npmcli/fs
300 timing reifyNode:node_modules/@npmcli/move-file Completed in 1814ms
301 timing reifyNode:node_modules/@babel/plugin-syntax-optional-chaining Completed in 1812ms
302 timing reifyNode:node_modules/@babel/plugin-syntax-nullish-coalescing-operator Completed in 1812ms
303 timing reifyNode:node_modules/@babel/plugin-syntax-optional-catch-binding Completed in 1812ms
304 timing reifyNode:node_modules/@babel/plugin-syntax-top-level-await Completed in 1812ms
305 timing reifyNode:node_modules/@babel/plugin-syntax-object-rest-spread Completed in 1812ms
306 timing reifyNode:node_modules/@babel/plugin-syntax-import-meta Completed in 1812ms
307 timing reifyNode:node_modules/@babel/plugin-syntax-json-strings Completed in 1812ms
308 timing reifyNode:node_modules/@babel/plugin-syntax-class-properties Completed in 1813ms
309 timing reifyNode:node_modules/@babel/plugin-syntax-logical-assignment-operators Completed in 1813ms
310 timing reifyNode:node_modules/@babel/plugin-syntax-async-generators Completed in 1813ms
311 timing reifyNode:node_modules/@babel/plugin-syntax-bigint Completed in 1813ms
312 timing reifyNode:node_modules/@babel/plugin-syntax-numeric-separator Completed in 1814ms
313 timing reifyNode:node_modules/@aashutoshrathi/word-wrap Completed in 1814ms
314 timing reifyNode:node_modules/widest-line/node_modules/strip-ansi Completed in 1871ms
315 timing reifyNode:node_modules/wrap-ansi/node_modules/strip-ansi Completed in 1872ms
316 timing reifyNode:node_modules/widest-line/node_modules/string-width Completed in 1872ms
317 timing reifyNode:node_modules/wrap-ansi/node_modules/string-width Completed in 1872ms
318 timing reifyNode:node_modules/widest-line/node_modules/ansi-regex Completed in 1872ms
319 timing reifyNode:node_modules/wrap-ansi/node_modules/ansi-regex Completed in 1872ms
320 timing reifyNode:node_modules/terser-webpack-plugin/node_modules/supports-color Completed in 1868ms
321 timing reifyNode:node_modules/stack-utils/node_modules/escape-string-regexp Completed in 1868ms
322 timing reifyNode:node_modules/sqlite3/node_modules/lru-cache Completed in 1867ms
323 timing reifyNode:node_modules/semver/node_modules/lru-cache Completed in 1865ms
324 timing reifyNode:node_modules/responselike/node_modules/lowercase-keys Completed in 1865ms
325 timing reifyNode:node_modules/pkg-up/node_modules/p-limit Completed in 1860ms
326 timing reifyNode:node_modules/pkg-dir/node_modules/p-locate Completed in 1861ms
327 timing reifyNode:node_modules/sqlite3/node_modules/@tootallnate/once Completed in 1870ms
328 timing reifyNode:node_modules/pkg-dir/node_modules/p-limit Completed in 1861ms
329 timing reifyNode:node_modules/pkg-dir/node_modules/find-up Completed in 1862ms
330 timing reifyNode:node_modules/pkg-dir/node_modules/locate-path Completed in 1862ms
331 timing reifyNode:node_modules/pg/node_modules/pg-connection-string Completed in 1861ms
332 timing reifyNode:node_modules/npm-check-updates/node_modules/strip-ansi Completed in 1859ms
333 timing reifyNode:node_modules/npm-check-updates/node_modules/strip-json-comments Completed in 1859ms
334 timing reifyNode:node_modules/npm-check-updates/node_modules/ansi-regex Completed in 1858ms
335 timing reifyNode:node_modules/read-package-json-fast/node_modules/json-parse-even-better-errors Completed in 1868ms
336 timing reifyNode:node_modules/npm-check-updates/node_modules/ini Completed in 1859ms
337 timing reifyNode:node_modules/read-package-json/node_modules/json-parse-even-better-errors Completed in 1869ms
338 timing reifyNode:node_modules/node-gyp/node_modules/unique-slug Completed in 1859ms
339 timing reifyNode:node_modules/node-gyp/node_modules/unique-filename Completed in 1860ms
340 timing reifyNode:node_modules/jest-worker/node_modules/supports-color Completed in 1854ms
341 timing reifyNode:node_modules/js-beautify/node_modules/abbrev Completed in 1855ms
342 timing reifyNode:node_modules/jest-validate/node_modules/camelcase Completed in 1855ms
343 timing reifyNode:node_modules/fastify-objectionjs/node_modules/pg-connection-string Completed in 1847ms
344 timing reifyNode:node_modules/fast-glob/node_modules/glob-parent Completed in 1847ms
345 timing reifyNode:node_modules/eslint/node_modules/escape-string-regexp Completed in 1847ms
346 timing reifyNode:node_modules/concurrently/node_modules/supports-color Completed in 1843ms
347 timing reifyNode:node_modules/chokidar/node_modules/glob-parent Completed in 1843ms
348 timing reifyNode:node_modules/decompress-response/node_modules/mimic-response Completed in 1846ms
349 timing reifyNode:node_modules/cacheable-request/node_modules/lowercase-keys Completed in 1843ms
350 timing reifyNode:node_modules/boxen/node_modules/string-width Completed in 1841ms
351 timing reifyNode:node_modules/cacache/node_modules/unique-slug Completed in 1843ms
352 timing reifyNode:node_modules/boxen/node_modules/strip-ansi Completed in 1842ms
353 timing reifyNode:node_modules/boxen/node_modules/camelcase Completed in 1842ms
354 timing reifyNode:node_modules/cacache/node_modules/unique-filename Completed in 1843ms
355 timing reifyNode:node_modules/@istanbuljs/load-nyc-config/node_modules/locate-path Completed in 1834ms
356 timing reifyNode:node_modules/@istanbuljs/load-nyc-config/node_modules/p-limit Completed in 1835ms
357 timing reifyNode:node_modules/@istanbuljs/load-nyc-config/node_modules/p-locate Completed in 1835ms
358 timing reifyNode:node_modules/@istanbuljs/load-nyc-config/node_modules/find-up Completed in 1835ms
359 timing reifyNode:node_modules/@isaacs/cliui/node_modules/strip-ansi Completed in 1836ms
360 timing reifyNode:node_modules/@isaacs/cliui/node_modules/string-width Completed in 1836ms
361 timing reifyNode:node_modules/@isaacs/cliui/node_modules/ansi-regex Completed in 1836ms
362 timing reifyNode:node_modules/boxen/node_modules/ansi-regex Completed in 1844ms
363 timing reifyNode:node_modules/@babel/highlight/node_modules/supports-color Completed in 1835ms
364 timing reifyNode:node_modules/yallist Completed in 1892ms
365 timing reifyNode:node_modules/walker Completed in 1891ms
366 timing reifyNode:node_modules/util-deprecate Completed in 1890ms
367 timing reifyNode:node_modules/tree-kill Completed in 1889ms
368 timing reifyNode:node_modules/string_decoder Completed in 1890ms
369 timing reifyNode:node_modules/spdx-correct Completed in 1890ms
370 timing reifyNode:node_modules/sisteransi Completed in 1889ms
371 timing reifyNode:node_modules/set-cookie-parser Completed in 1889ms
372 timing reifyNode:node_modules/proxy-addr Completed in 1887ms
373 timing reifyNode:node_modules/proto-list Completed in 1888ms
374 timing reifyNode:node_modules/postcss-modules-values Completed in 1888ms
375 timing reifyNode:node_modules/postcss-modules-scope Completed in 1889ms
376 timing reifyNode:node_modules/postcss-modules-extract-imports Completed in 1888ms
377 timing reifyNode:node_modules/parse-github-url Completed in 1887ms
378 timing reifyNode:node_modules/package-json Completed in 1888ms
379 timing reifyNode:node_modules/p-cancelable Completed in 1887ms
380 timing reifyNode:node_modules/npmlog Completed in 1888ms
381 timing reifyNode:node_modules/npm-pick-manifest Completed in 1889ms
382 timing reifyNode:node_modules/micromatch Completed in 1887ms
383 timing reifyNode:node_modules/makeerror Completed in 1887ms
384 timing reifyNode:node_modules/lines-and-columns Completed in 1884ms
385 timing reifyNode:node_modules/kind-of Completed in 1885ms
386 timing reifyNode:node_modules/js-tokens Completed in 1886ms
387 timing reifyNode:node_modules/jest-pnp-resolver Completed in 1886ms
388 timing reifyNode:node_modules/jest-leak-detector Completed in 1886ms
389 timing reifyNode:node_modules/jest-docblock Completed in 1886ms
390 timing reifyNode:node_modules/is-yarn-global Completed in 1887ms
391 timing reifyNode:node_modules/is-docker Completed in 1886ms
392 timing reifyNode:node_modules/is-ci Completed in 1887ms
393 timing reifyNode:node_modules/ignore-walk Completed in 1886ms
394 timing reifyNode:node_modules/import-local Completed in 1886ms
395 timing reifyNode:node_modules/glob-to-regexp Completed in 1886ms
396 timing reifyNode:node_modules/get-caller-file Completed in 1887ms
397 timing reifyNode:node_modules/fs.realpath Completed in 1887ms
398 timing reifyNode:node_modules/expand-template Completed in 1886ms
399 timing reifyNode:node_modules/esrecurse Completed in 1887ms
400 timing reifyNode:node_modules/dateformat Completed in 1887ms
401 timing reifyNode:node_modules/crypto-random-string Completed in 1888ms
402 timing reifyNode:node_modules/color-support Completed in 1888ms
403 timing reifyNode:node_modules/collect-v8-coverage Completed in 1888ms
404 timing reifyNode:node_modules/co Completed in 1889ms
405 timing reifyNode:node_modules/cli-boxes Completed in 1890ms
406 timing reifyNode:node_modules/base64-js Completed in 1888ms
407 timing reifyNode:node_modules/cacheable-request Completed in 1890ms
408 timing reifyNode:node_modules/atomic-sleep Completed in 1887ms
409 timing reifyNode:node_modules/babel-plugin-jest-hoist Completed in 1888ms
410 timing reifyNode:node_modules/balanced-match Completed in 1889ms
411 timing reifyNode:node_modules/ansi-styles Completed in 1889ms
412 timing reifyNode:node_modules/ansi-escapes Completed in 1888ms
413 timing reifyNode:node_modules/@webpack-cli/configtest Completed in 1889ms
414 timing reifyNode:node_modules/@webpack-cli/serve Completed in 1890ms
415 timing reifyNode:node_modules/@webpack-cli/info Completed in 1891ms
416 timing reifyNode:node_modules/@types/json-schema Completed in 1890ms
417 timing reifyNode:node_modules/@types/babel__core Completed in 1889ms
418 timing reifyNode:node_modules/@tufjs/canonical-json Completed in 1889ms
419 timing reifyNode:node_modules/@npmcli/promise-spawn Completed in 1890ms
420 timing reifyNode:node_modules/@jest/test-sequencer Completed in 1890ms
421 timing reifyNode:node_modules/@jest/schemas Completed in 1891ms
422 timing reifyNode:node_modules/@istanbuljs/load-nyc-config Completed in 1891ms
423 timing reifyNode:node_modules/@jest/environment Completed in 1892ms
424 timing reifyNode:node_modules/@babel/plugin-syntax-typescript Completed in 1890ms
425 timing reifyNode:node_modules/@fastify/accept-negotiator Completed in 1892ms
426 timing reifyNode:node_modules/@babel/plugin-syntax-jsx Completed in 1891ms
427 timing reifyNode:node_modules/@babel/helper-split-export-declaration Completed in 1890ms
428 timing reifyNode:node_modules/@babel/helper-simple-access Completed in 1890ms
429 timing reifyNode:node_modules/@babel/helper-hoist-variables Completed in 1891ms
430 timing reifyNode:node_modules/@babel/helper-plugin-utils Completed in 1891ms
431 timing reifyNode:node_modules/@babel/helper-environment-visitor Completed in 1891ms
432 timing reifyNode:node_modules/youch/node_modules/cookie Completed in 1950ms
433 timing reifyNode:node_modules/webpack-cli/node_modules/interpret Completed in 1948ms
434 timing reifyNode:node_modules/wrap-ansi/node_modules/ansi-styles Completed in 1949ms
435 timing reifyNode:node_modules/pretty-format/node_modules/ansi-styles Completed in 1937ms
436 timing reifyNode:node_modules/pgpass/node_modules/split2 Completed in 1936ms
437 timing reifyNode:node_modules/pino-abstract-transport/node_modules/split2 Completed in 1937ms
438 timing reifyNode:node_modules/pacote/node_modules/fs-minipass Completed in 1935ms
439 timing reifyNode:node_modules/npm-check-updates/node_modules/brace-expansion Completed in 1933ms
440 timing reifyNode:node_modules/node-gyp/node_modules/brace-expansion Completed in 1933ms
441 timing reifyNode:node_modules/ignore-walk/node_modules/brace-expansion Completed in 1924ms
442 timing reifyNode:node_modules/lru-cache/node_modules/yallist Completed in 1932ms
443 timing reifyNode:node_modules/glob/node_modules/brace-expansion Completed in 1923ms
444 timing reifyNode:node_modules/help-me/node_modules/brace-expansion Completed in 1924ms
445 timing reifyNode:node_modules/editorconfig/node_modules/brace-expansion Completed in 1919ms
446 timing reifyNode:node_modules/configstore/node_modules/write-file-atomic Completed in 1918ms
447 timing reifyNode:node_modules/cacache/node_modules/fs-minipass Completed in 1916ms
448 timing reifyNode:node_modules/@tufjs/models/node_modules/brace-expansion Completed in 1910ms
449 timing reifyNode:node_modules/xtend Completed in 1962ms
450 timing reifyNode:node_modules/which Completed in 1962ms
451 timing reifyNode:node_modules/update-notifier Completed in 1961ms
452 timing reifyNode:node_modules/unique-slug Completed in 1960ms
453 timing reifyNode:node_modules/statuses Completed in 1959ms
454 timing reifyNode:node_modules/simple-concat Completed in 1957ms
455 timing reifyNode:node_modules/stack-trace Completed in 1959ms
456 timing reifyNode:node_modules/setprototypeof Completed in 1958ms
457 timing reifyNode:node_modules/regenerator-runtime Completed in 1957ms
458 timing reifyNode:node_modules/readdirp Completed in 1957ms
459 timing reifyNode:node_modules/pump Completed in 1957ms
460 timing reifyNode:node_modules/pug-code-gen Completed in 1955ms
461 timing reifyNode:node_modules/postcss-modules-local-by-default Completed in 1955ms
462 timing reifyNode:node_modules/picocolors Completed in 1954ms
463 timing reifyNode:node_modules/pirates Completed in 1955ms
464 timing reifyNode:node_modules/npm-package-arg Completed in 1954ms
465 timing reifyNode:node_modules/normalize-url Completed in 1953ms
466 timing reifyNode:node_modules/npm-packlist Completed in 1954ms
467 timing reifyNode:node_modules/node-abi Completed in 1953ms
468 timing reifyNode:node_modules/napi-build-utils Completed in 1953ms
469 timing reifyNode:node_modules/minizlib Completed in 1952ms
470 timing reifyNode:node_modules/minimatch Completed in 1953ms
471 timing reifyNode:node_modules/mime-types Completed in 1953ms
472 timing reifyNode:node_modules/make-promises-safe Completed in 1952ms
473 timing reifyNode:node_modules/loader-runner Completed in 1952ms
474 timing reifyNode:node_modules/jstransformer Completed in 1952ms
475 timing reifyNode:node_modules/keyv Completed in 1952ms
476 timing reifyNode:node_modules/json-buffer Completed in 1953ms
477 timing reifyNode:node_modules/isbinaryfile Completed in 1952ms
478 timing reifyNode:node_modules/is-lambda Completed in 1953ms
479 timing reifyNode:node_modules/interpret Completed in 1953ms
480 timing reifyNode:node_modules/http-cache-semantics Completed in 1952ms
481 timing reifyNode:node_modules/get-stream Completed in 1952ms
482 timing reifyNode:node_modules/file-entry-cache Completed in 1952ms
483 timing reifyNode:node_modules/fast-decode-uri-component Completed in 1951ms
484 timing reifyNode:node_modules/defer-to-connect Completed in 1954ms
485 timing reifyNode:node_modules/content-disposition Completed in 1953ms
486 timing reifyNode:node_modules/deep-extend Completed in 1954ms
487 timing reifyNode:node_modules/binary-extensions Completed in 1951ms
488 timing reifyNode:node_modules/babel-preset-current-node-syntax Completed in 1951ms
489 timing reifyNode:node_modules/boxen Completed in 1952ms
490 timing reifyNode:node_modules/@xtuc/ieee754 Completed in 1952ms
491 timing reifyNode:node_modules/@types/estree Completed in 1951ms
492 timing reifyNode:node_modules/@szmarczak/http-timer Completed in 1951ms
493 timing reifyNode:node_modules/@jest/source-map Completed in 1952ms
494 timing reifyNode:node_modules/@istanbuljs/schema Completed in 1952ms
495 timing reifyNode:node_modules/@jest/expect Completed in 1953ms
496 timing reifyNode:node_modules/@humanwhocodes/config-array Completed in 1952ms
497 timing reifyNode:node_modules/@fastify/deepmerge Completed in 1951ms
498 timing reifyNode:node_modules/webpack/node_modules/graceful-fs Completed in 2006ms
499 timing reifyNode:node_modules/sqlite3/node_modules/ssri Completed in 2001ms
500 timing reifyNode:node_modules/cacheable-request/node_modules/get-stream Completed in 1968ms
501 timing reifyNode:node_modules/@npmcli/git/node_modules/which Completed in 1960ms
502 timing reifyNode:node_modules/@npmcli/promise-spawn/node_modules/which Completed in 1960ms
503 timing reifyNode:node_modules/@npmcli/run-script/node_modules/which Completed in 1961ms
504 timing reifyNode:node_modules/@babel/traverse/node_modules/globals Completed in 1956ms
505 timing reifyNode:node_modules/@babel/highlight/node_modules/color-name Completed in 1957ms
506 timing reifyNode:node_modules/update-browserslist-db Completed in 2012ms
507 timing reifyNode:node_modules/typedarray-to-buffer Completed in 2012ms
508 timing reifyNode:node_modules/type-detect Completed in 2012ms
509 timing reifyNode:node_modules/type-check Completed in 2012ms
510 timing reifyNode:node_modules/split2 Completed in 2012ms
511 timing reifyNode:node_modules/spdx-expression-parse Completed in 2012ms
512 timing reifyNode:node_modules/socks-proxy-agent Completed in 2012ms
513 timing reifyNode:node_modules/ssri Completed in 2013ms
514 timing reifyNode:node_modules/semver-utils Completed in 2013ms
515 timing reifyNode:node_modules/safe-buffer Completed in 2012ms
516 timing reifyNode:node_modules/rimraf Completed in 2013ms
517 timing reifyNode:node_modules/require-directory Completed in 2013ms
518 timing reifyNode:node_modules/randombytes Completed in 2014ms
519 timing reifyNode:node_modules/punycode Completed in 2013ms
520 timing reifyNode:node_modules/pug-filters Completed in 2012ms
521 timing reifyNode:node_modules/pug-lexer Completed in 2013ms
522 timing reifyNode:node_modules/node-gyp-build Completed in 2008ms
523 timing reifyNode:node_modules/node-int64 Completed in 2008ms
524 timing reifyNode:node_modules/lodash.merge Completed in 2007ms
525 timing reifyNode:node_modules/jsonfile Completed in 2006ms
526 timing reifyNode:node_modules/js-stringify Completed in 2006ms
527 timing reifyNode:node_modules/joycon Completed in 2007ms
528 timing reifyNode:node_modules/jest-message-util Completed in 2007ms
529 timing reifyNode:node_modules/jest Completed in 2008ms
530 timing reifyNode:node_modules/is-arrayish Completed in 2007ms
531 timing reifyNode:node_modules/graceful-fs Completed in 2006ms
532 timing reifyNode:node_modules/getopts Completed in 2006ms
533 timing reifyNode:node_modules/fastify-reverse-routes Completed in 2006ms
534 timing reifyNode:node_modules/fast-memoize Completed in 2006ms
535 timing reifyNode:node_modules/doctypes Completed in 2009ms
536 timing reifyNode:node_modules/d Completed in 2010ms
537 timing reifyNode:node_modules/cookie Completed in 2010ms
538 timing reifyNode:node_modules/colorette Completed in 2010ms
539 timing reifyNode:node_modules/cacheable-lookup Completed in 2010ms
540 timing reifyNode:node_modules/acorn-jsx Completed in 2009ms
541 timing reifyNode:node_modules/@webassemblyjs/helper-buffer Completed in 2009ms
542 timing reifyNode:node_modules/@lukeed/ms Completed in 2009ms
543 timing reifyNode:node_modules/@babel/highlight Completed in 2007ms
544 timing reifyNode:node_modules/@babel/helper-string-parser Completed in 2007ms
545 timing reifyNode:node_modules/@babel/helper-function-name Completed in 2007ms
546 timing reifyNode:node_modules/@babel/code-frame Completed in 2008ms
547 timing reifyNode:node_modules/sqlite3/node_modules/socks-proxy-agent Completed in 2058ms
548 timing reifyNode:node_modules/npm-package-arg/node_modules/hosted-git-info Completed in 2046ms
549 timing reifyNode:node_modules/normalize-package-data/node_modules/hosted-git-info Completed in 2045ms
550 timing reifyNode:node_modules/node-gyp/node_modules/ssri Completed in 2046ms
551 timing reifyNode:node_modules/node-gyp/node_modules/cacache/node_modules/minimatch Completed in 2045ms
552 timing reifyNode:node_modules/help-me/node_modules/minimatch Completed in 2036ms
553 timing reifyNode:node_modules/token-stream Completed in 2073ms
554 timing reifyNode:node_modules/resolve.exports Completed in 2071ms
555 timing reifyNode:node_modules/ret Completed in 2072ms
556 timing reifyNode:node_modules/safe-regex2 Completed in 2072ms
557 timing reifyNode:node_modules/rechoir Completed in 2071ms
558 timing reifyNode:node_modules/pug Completed in 2069ms
559 timing reifyNode:node_modules/pug-parser Completed in 2071ms
560 timing reifyNode:node_modules/progress Completed in 2068ms
561 timing reifyNode:node_modules/process Completed in 2069ms
562 timing reifyNode:node_modules/mdurl Completed in 2067ms
563 timing reifyNode:node_modules/levn Completed in 2064ms
564 timing reifyNode:node_modules/linkify-it Completed in 2065ms
565 timing reifyNode:node_modules/jest-mock Completed in 2067ms
566 timing reifyNode:node_modules/http-proxy-agent Completed in 2066ms
567 timing reifyNode:node_modules/globby Completed in 2064ms
568 timing reifyNode:node_modules/hashlru Completed in 2065ms
569 timing reifyNode:node_modules/get-package-type Completed in 2065ms
570 timing reifyNode:node_modules/fastify-objectionjs Completed in 2064ms
571 timing reifyNode:node_modules/emittery Completed in 2066ms
572 timing reifyNode:node_modules/delegates Completed in 2066ms
573 timing reifyNode:node_modules/encoding Completed in 2067ms
574 timing reifyNode:node_modules/debug Completed in 2066ms
575 timing reifyNode:node_modules/color-convert Completed in 2065ms
576 timing reifyNode:node_modules/ci-info Completed in 2066ms
577 timing reifyNode:node_modules/concat-map Completed in 2066ms
578 timing reifyNode:node_modules/babel-jest Completed in 2064ms
579 timing reifyNode:node_modules/babel-plugin-istanbul Completed in 2065ms
580 timing reifyNode:node_modules/acorn-import-assertions Completed in 2066ms
581 timing reifyNode:node_modules/@types/jest Completed in 2065ms
582 timing reifyNode:node_modules/@jest/test-result Completed in 2063ms
583 timing reifyNode:node_modules/@jest/fake-timers Completed in 2064ms
584 timing reifyNode:node_modules/sqlite3/node_modules/http-proxy-agent Completed in 2111ms
585 timing reifyNode:node_modules/node-gyp/node_modules/nopt Completed in 2097ms
586 timing reifyNode:node_modules/@babel/highlight/node_modules/color-convert Completed in 2063ms
587 timing reifyNode:node_modules/test-exclude Completed in 2118ms
588 timing reifyNode:node_modules/safer-buffer Completed in 2119ms
589 timing reifyNode:node_modules/registry-auth-token Completed in 2119ms
590 timing reifyNode:node_modules/nopt Completed in 2109ms
591 timing reifyNode:node_modules/minipass Completed in 2108ms
592 timing reifyNode:node_modules/lru-queue Completed in 2107ms
593 timing reifyNode:node_modules/jsonlines Completed in 2105ms
594 timing reifyNode:node_modules/isexe Completed in 2102ms
595 timing reifyNode:node_modules/hosted-git-info Completed in 2100ms
596 timing reifyNode:node_modules/flat-cache Completed in 2097ms
597 timing reifyNode:node_modules/estraverse Completed in 2096ms
598 timing reifyNode:node_modules/gopd Completed in 2100ms
599 timing reifyNode:node_modules/detect-libc Completed in 2094ms
600 timing reifyNode:node_modules/depd Completed in 2094ms
601 timing reifyNode:node_modules/cssesc Completed in 2093ms
602 timing reifyNode:node_modules/chrome-trace-event Completed in 2092ms
603 timing reifyNode:node_modules/asap Completed in 2088ms
604 timing reifyNode:node_modules/are-we-there-yet Completed in 2089ms
605 timing reifyNode:node_modules/@webassemblyjs/wasm-opt Completed in 2087ms
606 timing reifyNode:node_modules/@webassemblyjs/leb128 Completed in 2087ms
607 timing reifyNode:node_modules/@types/babel__traverse Completed in 2085ms
608 timing reifyNode:node_modules/webpack/node_modules/estraverse Completed in 2135ms
609 timing reifyNode:node_modules/js-beautify/node_modules/nopt Completed in 2110ms
610 timing reifyNode:node_modules/eslint/node_modules/globals Completed in 2099ms
611 timing reifyNode:node_modules/eslint/node_modules/@eslint/js Completed in 2100ms
612 timing reifyNode:node_modules/@babel/highlight/node_modules/chalk Completed in 2081ms
613 timing reifyNode:node_modules/tar-stream Completed in 2134ms
614 timing reifyNode:node_modules/reusify Completed in 2129ms
615 timing reifyNode:node_modules/safe-regex-test Completed in 2130ms
616 timing reifyNode:node_modules/promise-retry Completed in 2125ms
617 timing reifyNode:node_modules/optionator Completed in 2121ms
618 timing reifyNode:node_modules/json-parse-helpfulerror Completed in 2115ms
619 timing reifyNode:node_modules/js-cookie Completed in 2114ms
620 timing reifyNode:node_modules/jest-runner Completed in 2114ms
621 timing reifyNode:node_modules/jest-matcher-utils Completed in 2114ms
622 timing reifyNode:node_modules/ipaddr.js Completed in 2112ms
623 timing reifyNode:node_modules/icss-utils Completed in 2111ms
624 timing reifyNode:node_modules/hasown Completed in 2110ms
625 timing reifyNode:node_modules/has-bigints Completed in 2110ms
626 timing reifyNode:node_modules/gensync Completed in 2109ms
627 timing reifyNode:node_modules/for-each Completed in 2108ms
628 timing reifyNode:node_modules/file-uri-to-path Completed in 2108ms
629 timing reifyNode:node_modules/escalade Completed in 2104ms
630 timing reifyNode:node_modules/err-code Completed in 2105ms
631 timing reifyNode:node_modules/diff-sequences Completed in 2104ms
632 timing reifyNode:node_modules/dedent Completed in 2104ms
633 timing reifyNode:node_modules/deep-is Completed in 2104ms
634 timing reifyNode:node_modules/chalk Completed in 2101ms
635 timing reifyNode:node_modules/@webassemblyjs/wast-printer Completed in 2097ms
636 timing reifyNode:node_modules/@webassemblyjs/utf8 Completed in 2097ms
637 timing reifyNode:node_modules/@sinonjs/fake-timers Completed in 2095ms
638 timing reifyNode:node_modules/@one-ini/wasm Completed in 2094ms
639 timing reifyNode:node_modules/@humanwhocodes/object-schema Completed in 2093ms
640 timing reifyNode:node_modules/test-exclude/node_modules/glob Completed in 2141ms
641 timing reifyNode:node_modules/sqlite3/node_modules/glob Completed in 2139ms
642 timing reifyNode:node_modules/rimraf/node_modules/glob Completed in 2136ms
643 timing reifyNode:node_modules/prompts-ncu/node_modules/kleur Completed in 2132ms
644 timing reifyNode:node_modules/node-gyp/node_modules/glob Completed in 2127ms
645 timing reifyNode:node_modules/node-gyp/node_modules/cacache/node_modules/glob Completed in 2127ms
646 timing reifyNode:node_modules/jest-config/node_modules/glob Completed in 2121ms
647 timing reifyNode:node_modules/jest-runtime/node_modules/glob Completed in 2122ms
648 timing reifyNode:node_modules/help-me/node_modules/glob Completed in 2117ms
649 timing reifyNode:node_modules/@jest/reporters/node_modules/glob Completed in 2099ms
650 timing reifyNode:node_modules/youch Completed in 2153ms
651 timing reifyNode:node_modules/supports-preserve-symlinks-flag Completed in 2147ms
652 timing reifyNode:node_modules/simple-get Completed in 2145ms
653 timing reifyNode:node_modules/set-function-name Completed in 2145ms
654 timing reifyNode:node_modules/react-is Completed in 2144ms
655 timing reifyNode:node_modules/quick-format-unescaped Completed in 2144ms
656 timing reifyNode:node_modules/node-releases Completed in 2140ms
657 timing reifyNode:node_modules/next-tick Completed in 2140ms
658 timing reifyNode:node_modules/jsesc Completed in 2136ms
659 timing reifyNode:node_modules/jest-runtime Completed in 2135ms
660 timing reifyNode:node_modules/jest-changed-files Completed in 2135ms
661 timing reifyNode:node_modules/is-weakref Completed in 2134ms
662 timing reifyNode:node_modules/ignore Completed in 2133ms
663 timing reifyNode:node_modules/inflection Completed in 2134ms
664 timing reifyNode:node_modules/fast-querystring Completed in 2130ms
665 timing reifyNode:node_modules/es-set-tostringtag Completed in 2130ms
666 timing reifyNode:node_modules/define-properties Completed in 2130ms
667 timing reifyNode:node_modules/emoji-regex Completed in 2131ms
668 timing reifyNode:node_modules/cross-spawn Completed in 2129ms
669 timing reifyNode:node_modules/commist Completed in 2129ms
670 timing reifyNode:node_modules/archy Completed in 2128ms
671 timing reifyNode:node_modules/@types/yargs Completed in 2126ms
672 timing reifyNode:node_modules/@webassemblyjs/helper-wasm-section Completed in 2127ms
673 timing reifyNode:node_modules/@jridgewell/set-array Completed in 2124ms
674 timing reifyNode:node_modules/@jridgewell/resolve-uri Completed in 2125ms
675 timing reifyNode:node_modules/@jest/transform Completed in 2125ms
676 timing reifyNode:node_modules/@jest/expect-utils Completed in 2125ms
677 timing reifyNode:node_modules/@jest/console Completed in 2125ms
678 timing reifyNode:node_modules/@isaacs/cliui Completed in 2125ms
679 timing reifyNode:node_modules/@eslint/js Completed in 2124ms
680 timing reifyNode:node_modules/@babel/helper-validator-option Completed in 2123ms
681 timing reifyNode:node_modules/terser/node_modules/commander Completed in 2176ms
682 timing reifyNode:node_modules/pacote/node_modules/minipass Completed in 2165ms
683 timing reifyNode:node_modules/npm-registry-fetch/node_modules/minipass Completed in 2163ms
684 timing reifyNode:node_modules/make-fetch-happen/node_modules/minipass Completed in 2161ms
685 timing reifyNode:node_modules/eslint-plugin-import/node_modules/semver Completed in 2148ms
686 timing reifyNode:node_modules/eslint-config-airbnb-base/node_modules/semver Completed in 2149ms
687 timing reifyNode:node_modules/babel-plugin-istanbul/node_modules/semver Completed in 2142ms
688 timing reifyNode:node_modules/@babel/helper-compilation-targets/node_modules/semver Completed in 2133ms
689 timing reifyNode:node_modules/@babel/core/node_modules/semver Completed in 2133ms
690 timing reifyNode:node_modules/typed-array-length Completed in 2189ms
691 timing reifyNode:node_modules/spawn-command Completed in 2187ms
692 timing reifyNode:node_modules/safe-stable-stringify Completed in 2186ms
693 timing reifyNode:node_modules/source-map-support Completed in 2188ms
694 timing reifyNode:node_modules/pug-runtime Completed in 2185ms
695 timing reifyNode:node_modules/postcss-value-parser Completed in 2182ms
696 timing reifyNode:node_modules/negotiator Completed in 2178ms
697 timing reifyNode:node_modules/npm-registry-fetch Completed in 2180ms
698 timing reifyNode:node_modules/json-schema-traverse Completed in 2176ms
699 timing reifyNode:node_modules/is-regex Completed in 2176ms
700 timing reifyNode:node_modules/is-array-buffer Completed in 2175ms
701 timing reifyNode:node_modules/has-property-descriptors Completed in 2174ms
702 timing reifyNode:node_modules/es-define-property Completed in 2172ms
703 timing reifyNode:node_modules/data-view-buffer Completed in 2171ms
704 timing reifyNode:node_modules/data-view-byte-length Completed in 2171ms
705 timing reifyNode:node_modules/cliui Completed in 2170ms
706 timing reifyNode:node_modules/buffer Completed in 2169ms
707 timing reifyNode:node_modules/@webassemblyjs/wasm-edit Completed in 2165ms
708 timing reifyNode:node_modules/@tootallnate/once Completed in 2164ms
709 timing reifyNode:node_modules/@rails/ujs Completed in 2164ms
710 timing reifyNode:node_modules/@jest/types Completed in 2164ms
711 timing reifyNode:node_modules/@fastify/flash Completed in 2163ms
712 timing reifyNode:node_modules/eslint-import-resolver-node/node_modules/debug Completed in 2182ms
713 timing reifyNode:node_modules/eslint-module-utils/node_modules/debug Completed in 2182ms
714 timing reifyNode:node_modules/eslint-plugin-import/node_modules/debug Completed in 2182ms
715 timing reifyNode:node_modules/y18n Completed in 2222ms
716 timing reifyNode:node_modules/unbox-primitive Completed in 2220ms
717 timing reifyNode:node_modules/toad-cache Completed in 2219ms
718 timing reifyNode:node_modules/rfdc Completed in 2217ms
719 timing reifyNode:node_modules/possible-typed-array-names Completed in 2212ms
720 timing reifyNode:node_modules/normalize-package-data Completed in 2209ms
721 timing reifyNode:node_modules/mkdirp Completed in 2209ms
722 timing reifyNode:node_modules/mime Completed in 2209ms
723 timing reifyNode:node_modules/jest-cli Completed in 2206ms
724 timing reifyNode:node_modules/is-string Completed in 2206ms
725 timing reifyNode:node_modules/is-number-object Completed in 2206ms
726 timing reifyNode:node_modules/is-core-module Completed in 2205ms
727 timing reifyNode:node_modules/is-negative-zero Completed in 2206ms
728 timing reifyNode:node_modules/is-bigint Completed in 2206ms
729 timing reifyNode:node_modules/internal-slot Completed in 2206ms
730 timing reifyNode:node_modules/has-proto Completed in 2204ms
731 timing reifyNode:node_modules/functions-have-names Completed in 2202ms
732 timing reifyNode:node_modules/get-symbol-description Completed in 2204ms
733 timing reifyNode:node_modules/fast-safe-stringify Completed in 2202ms
734 timing reifyNode:node_modules/fast-deep-equal Completed in 2202ms
735 timing reifyNode:node_modules/esutils Completed in 2203ms
736 timing reifyNode:node_modules/es-shim-unscopables Completed in 2202ms
737 timing reifyNode:node_modules/call-bind Completed in 2201ms
738 timing reifyNode:node_modules/@sindresorhus/is Completed in 2195ms
739 timing reifyNode:node_modules/@humanwhocodes/module-importer Completed in 2192ms
740 timing reifyNode:node_modules/terser/node_modules/source-map-support Completed in 2241ms
741 timing reifyNode:node_modules/editorconfig Completed in 2206ms
742 timing reifyNode:node_modules/sequelize-cli/node_modules/cliui Completed in 2237ms
743 timing reifyNode:node_modules/pino-pretty/node_modules/buffer Completed in 2230ms
744 timing reifyNode:node_modules/pino-abstract-transport/node_modules/buffer Completed in 2229ms
745 timing reifyNode:node_modules/npm-package-arg/node_modules/lru-cache Completed in 2227ms
746 timing reifyNode:node_modules/node-gyp/node_modules/lru-cache Completed in 2225ms
747 timing reifyNode:node_modules/normalize-package-data/node_modules/lru-cache Completed in 2226ms
748 timing reifyNode:node_modules/make-fetch-happen/node_modules/lru-cache Completed in 2223ms
749 timing reifyNode:node_modules/hosted-git-info/node_modules/lru-cache Completed in 2215ms
750 timing reifyNode:node_modules/fastify-cli/node_modules/buffer Completed in 2211ms
751 timing reifyNode:node_modules/npm-check-updates/node_modules/source-map-support Completed in 2228ms
752 timing reifyNode:node_modules/cacache/node_modules/lru-cache Completed in 2204ms
753 timing reifyNode:node_modules/@npmcli/git/node_modules/lru-cache Completed in 2197ms
754 timing reifyNode:node_modules/@eslint/eslintrc/node_modules/globals Completed in 2193ms
755 timing reifyNode:node_modules/which-boxed-primitive Completed in 2249ms
756 timing reifyNode:node_modules/v8-to-istanbul Completed in 2248ms
757 timing reifyNode:node_modules/typed-array-byte-offset Completed in 2246ms
758 timing reifyNode:node_modules/typed-array-byte-length Completed in 2247ms
759 timing reifyNode:node_modules/typed-array-buffer Completed in 2247ms
760 timing reifyNode:node_modules/set-function-length Completed in 2242ms
761 timing reifyNode:node_modules/safe-array-concat Completed in 2241ms
762 timing reifyNode:node_modules/retry-as-promised Completed in 2241ms
763 timing reifyNode:node_modules/prelude-ls Completed in 2237ms
764 timing reifyNode:node_modules/is-symbol Completed in 2230ms
765 timing reifyNode:node_modules/is-date-object Completed in 2230ms
766 timing reifyNode:node_modules/is-shared-array-buffer Completed in 2231ms
767 timing reifyNode:node_modules/globals Completed in 2227ms
768 timing reifyNode:node_modules/is-boolean-object Completed in 2230ms
769 timing reifyNode:node_modules/html-escaper Completed in 2229ms
770 timing reifyNode:node_modules/github-from-package Completed in 2228ms
771 timing reifyNode:node_modules/fp-and-or Completed in 2228ms
772 timing reifyNode:node_modules/get-intrinsic Completed in 2229ms
773 timing reifyNode:node_modules/fastify-error-page Completed in 2226ms
774 timing reifyNode:node_modules/eslint-visitor-keys Completed in 2227ms
775 timing reifyNode:node_modules/envinfo Completed in 2227ms
776 timing reifyNode:node_modules/data-view-byte-offset Completed in 2226ms
777 timing reifyNode:node_modules/browserslist Completed in 2223ms
778 timing reifyNode:node_modules/agentkeepalive Completed in 2222ms
779 timing reifyNode:node_modules/available-typed-arrays Completed in 2224ms
780 timing reifyNode:node_modules/array-buffer-byte-length Completed in 2224ms
781 timing reifyNode:node_modules/cli-table3 Completed in 2235ms
782 timing reifyNode:node_modules/espree/node_modules/eslint-visitor-keys Completed in 2244ms
783 timing reifyNode:node_modules/watchpack Completed in 2281ms
784 timing reifyNode:node_modules/istanbul-lib-coverage Completed in 2255ms
785 timing reifyNode:node_modules/rc Completed in 2272ms
786 timing reifyNode:node_modules/pg-cloudflare Completed in 2267ms
787 timing reifyNode:node_modules/object-keys Completed in 2266ms
788 timing reifyNode:node_modules/istanbul-lib-source-maps Completed in 2257ms
789 timing reifyNode:node_modules/minipass-sized Completed in 2262ms
790 timing reifyNode:node_modules/istanbul-lib-report Completed in 2257ms
791 timing reifyNode:node_modules/jest-each Completed in 2258ms
792 timing reifyNode:node_modules/is-typed-array Completed in 2257ms
793 timing reifyNode:node_modules/is-callable Completed in 2256ms
794 timing reifyNode:node_modules/https-proxy-agent Completed in 2255ms
795 timing reifyNode:node_modules/is-data-view Completed in 2256ms
796 timing reifyNode:node_modules/deepmerge Completed in 2247ms
797 timing reifyNode:node_modules/es-object-atoms Completed in 2248ms
798 timing reifyNode:node_modules/create-jest Completed in 2246ms
799 timing reifyNode:node_modules/braces Completed in 2242ms
800 timing reifyNode:node_modules/@webassemblyjs/wasm-gen Completed in 2240ms
801 timing reifyNode:node_modules/@pnpm/npm-conf Completed in 2237ms
802 timing reifyNode:node_modules/@jridgewell/sourcemap-codec Completed in 2236ms
803 timing reifyNode:node_modules/@babel/helper-module-imports Completed in 2232ms
804 timing reifyNode:node_modules/@babel/helper-validator-identifier Completed in 2232ms
805 timing reifyNode:node_modules/wildcard Completed in 2290ms
806 timing reifyNode:node_modules/string.prototype.trimstart Completed in 2286ms
807 timing reifyNode:node_modules/side-channel Completed in 2284ms
808 timing reifyNode:node_modules/rc-config-loader Completed in 2281ms
809 timing reifyNode:node_modules/prebuild-install Completed in 2286ms
810 timing reifyNode:node_modules/pg-types Completed in 2286ms
811 timing reifyNode:node_modules/object.fromentries Completed in 2285ms
812 http fetch POST 200 https://registry.npmjs.org/-/npm/v1/security/advisories/bulk 2310ms
813 timing auditReport:getReport Completed in 2317ms
814 silly audit report {
814 silly audit report   '@babel/helpers': [
814 silly audit report     {
814 silly audit report       id: 1104001,
814 silly audit report       url: 'https://github.com/advisories/GHSA-968p-4wvh-cqc8',
814 silly audit report       title: 'Babel has inefficient RegExp complexity in generated code with .replace when transpiling named capturing groups',
814 silly audit report       severity: 'moderate',
814 silly audit report       vulnerable_versions: '<7.26.10',
814 silly audit report       cwe: [Array],
814 silly audit report       cvss: [Object]
814 silly audit report     }
814 silly audit report   ],
814 silly audit report   '@babel/runtime': [
814 silly audit report     {
814 silly audit report       id: 1104000,
814 silly audit report       url: 'https://github.com/advisories/GHSA-968p-4wvh-cqc8',
814 silly audit report       title: 'Babel has inefficient RegExp complexity in generated code with .replace when transpiling named capturing groups',
814 silly audit report       severity: 'moderate',
814 silly audit report       vulnerable_versions: '<7.26.10',
814 silly audit report       cwe: [Array],
814 silly audit report       cvss: [Object]
814 silly audit report     }
814 silly audit report   ],
814 silly audit report   ajv: [
814 silly audit report     {
814 silly audit report       id: 1113714,
814 silly audit report       url: 'https://github.com/advisories/GHSA-2g4f-4pwh-qvx6',
814 silly audit report       title: 'ajv has ReDoS when using `$data` option',
814 silly audit report       severity: 'moderate',
814 silly audit report       vulnerable_versions: '<6.14.0',
814 silly audit report       cwe: [Array],
814 silly audit report       cvss: [Object]
814 silly audit report     },
814 silly audit report     {
814 silly audit report       id: 1113715,
814 silly audit report       url: 'https://github.com/advisories/GHSA-2g4f-4pwh-qvx6',
814 silly audit report       title: 'ajv has ReDoS when using `$data` option',
814 silly audit report       severity: 'moderate',
814 silly audit report       vulnerable_versions: '>=7.0.0-alpha.0 <8.18.0',
814 silly audit report       cwe: [Array],
814 silly audit report       cvss: [Object]
814 silly audit report     }
814 silly audit report   ],
814 silly audit report   'js-yaml': [
814 silly audit report     {
814 silly audit report       id: 1112714,
814 silly audit report       url: 'https://github.com/advisories/GHSA-mh29-5h37-fv8m',
814 silly audit report       title: 'js-yaml has prototype pollution in merge (<<)',
814 silly audit report       severity: 'moderate',
814 silly audit report       vulnerable_versions: '<3.14.2',
814 silly audit report       cwe: [Array],
814 silly audit report       cvss: [Object]
814 silly audit report     },
814 silly audit report     {
814 silly audit report       id: 1112715,
814 silly audit report       url: 'https://github.com/advisories/GHSA-mh29-5h37-fv8m',
814 silly audit report       title: 'js-yaml has prototype pollution in merge (<<)',
814 silly audit report       severity: 'moderate',
814 silly audit report       vulnerable_versions: '>=4.0.0 <4.1.1',
814 silly audit report       cwe: [Array],
814 silly audit report       cvss: [Object]
814 silly audit report     }
814 silly audit report   ],
814 silly audit report   glob: [
814 silly audit report     {
814 silly audit report       id: 1109842,
814 silly audit report       url: 'https://github.com/advisories/GHSA-5j98-mcp5-4vw2',
814 silly audit report       title: 'glob CLI: Command injection via -c/--cmd executes matches with shell:true',
814 silly audit report       severity: 'high',
814 silly audit report       vulnerable_versions: '>=10.2.0 <10.5.0',
814 silly audit report       cwe: [Array],
814 silly audit report       cvss: [Object]
814 silly audit report     }
814 silly audit report   ],
814 silly audit report   '@tootallnate/once': [
814 silly audit report     {
814 silly audit report       id: 1113977,
814 silly audit report       url: 'https://github.com/advisories/GHSA-vpq2-c234-7xj6',
814 silly audit report       title: '@tootallnate/once vulnerable to Incorrect Control Flow Scoping',
814 silly audit report       severity: 'low',
814 silly audit report       vulnerable_versions: '<3.0.1',
814 silly audit report       cwe: [Array],
814 silly audit report       cvss: [Object]
814 silly audit report     }
814 silly audit report   ],
814 silly audit report   'brace-expansion': [
814 silly audit report     {
814 silly audit report       id: 1105443,
814 silly audit report       url: 'https://github.com/advisories/GHSA-v6h2-p8h4-qcjw',
814 silly audit report       title: 'brace-expansion Regular Expression Denial of Service vulnerability',
814 silly audit report       severity: 'low',
814 silly audit report       vulnerable_versions: '>=1.0.0 <=1.1.11',
814 silly audit report       cwe: [Array],
814 silly audit report       cvss: [Object]
814 silly audit report     },
814 silly audit report     {
814 silly audit report       id: 1105444,
814 silly audit report       url: 'https://github.com/advisories/GHSA-v6h2-p8h4-qcjw',
814 silly audit report       title: 'brace-expansion Regular Expression Denial of Service vulnerability',
814 silly audit report       severity: 'low',
814 silly audit report       vulnerable_versions: '>=2.0.0 <=2.0.1',
814 silly audit report       cwe: [Array],
814 silly audit report       cvss: [Object]
814 silly audit report     }
814 silly audit report   ],
814 silly audit report   minimatch: [
814 silly audit report     {
814 silly audit report       id: 1113459,
814 silly audit report       url: 'https://github.com/advisories/GHSA-3ppc-4f35-3m26',
814 silly audit report       title: 'minimatch has a ReDoS via repeated wildcards with non-matching literal in pattern',
814 silly audit report       severity: 'high',
814 silly audit report       vulnerable_versions: '<3.1.3',
814 silly audit report       cwe: [Array],
814 silly audit report       cvss: [Object]
814 silly audit report     },
814 silly audit report     {
814 silly audit report       id: 1113461,
814 silly audit report       url: 'https://github.com/advisories/GHSA-3ppc-4f35-3m26',
814 silly audit report       title: 'minimatch has a ReDoS via repeated wildcards with non-matching literal in pattern',
814 silly audit report       severity: 'high',
814 silly audit report       vulnerable_versions: '>=5.0.0 <5.1.7',
814 silly audit report       cwe: [Array],
814 silly audit report       cvss: [Object]
814 silly audit report     },
814 silly audit report     {
814 silly audit report       id: 1113465,
814 silly audit report       url: 'https://github.com/advisories/GHSA-3ppc-4f35-3m26',
814 silly audit report       title: 'minimatch has a ReDoS via repeated wildcards with non-matching literal in pattern',
814 silly audit report       severity: 'high',
814 silly audit report       vulnerable_versions: '>=9.0.0 <9.0.6',
814 silly audit report       cwe: [Array],
814 silly audit report       cvss: [Object]
814 silly audit report     },
814 silly audit report     {
814 silly audit report       id: 1113538,
814 silly audit report       url: 'https://github.com/advisories/GHSA-7r86-cg39-jmmj',
814 silly audit report       title: 'minimatch has ReDoS: matchOne() combinatorial backtracking via multiple non-adjacent GLOBSTAR segments',
814 silly audit report       severity: 'high',
814 silly audit report       vulnerable_versions: '<3.1.3',
814 silly audit report       cwe: [Array],
814 silly audit report       cvss: [Object]
814 silly audit report     },
814 silly audit report     {
814 silly audit report       id: 1113540,
814 silly audit report       url: 'https://github.com/advisories/GHSA-7r86-cg39-jmmj',
814 silly audit report       title: 'minimatch has ReDoS: matchOne() combinatorial backtracking via multiple non-adjacent GLOBSTAR segments',
814 silly audit report       severity: 'high',
814 silly audit report       vulnerable_versions: '>=5.0.0 <5.1.8',
814 silly audit report       cwe: [Array],
814 silly audit report       cvss: [Object]
814 silly audit report     },
814 silly audit report     {
814 silly audit report       id: 1113544,
814 silly audit report       url: 'https://github.com/advisories/GHSA-7r86-cg39-jmmj',
814 silly audit report       title: 'minimatch has ReDoS: matchOne() combinatorial backtracking via multiple non-adjacent GLOBSTAR segments',
814 silly audit report       severity: 'high',
814 silly audit report       vulnerable_versions: '>=9.0.0 <9.0.7',
814 silly audit report       cwe: [Array],
814 silly audit report       cvss: [Object]
814 silly audit report     },
814 silly audit report     {
814 silly audit report       id: 1113546,
814 silly audit report       url: 'https://github.com/advisories/GHSA-23c5-xmqv-rm74',
814 silly audit report       title: 'minimatch ReDoS: nested *() extglobs generate catastrophically backtracking regular expressions',
814 silly audit report       severity: 'high',
814 silly audit report       vulnerable_versions: '<3.1.4',
814 silly audit report       cwe: [Array],
814 silly audit report       cvss: [Object]
814 silly audit report     },
814 silly audit report     {
814 silly audit report       id: 1113548,
814 silly audit report       url: 'https://github.com/advisories/GHSA-23c5-xmqv-rm74',
814 silly audit report       title: 'minimatch ReDoS: nested *() extglobs generate catastrophically backtracking regular expressions',
814 silly audit report       severity: 'high',
814 silly audit report       vulnerable_versions: '>=5.0.0 <5.1.8',
814 silly audit report       cwe: [Array],
814 silly audit report       cvss: [Object]
814 silly audit report     },
814 silly audit report     {
814 silly audit report       id: 1113552,
814 silly audit report       url: 'https://github.com/advisories/GHSA-23c5-xmqv-rm74',
814 silly audit report       title: 'minimatch ReDoS: nested *() extglobs generate catastrophically backtracking regular expressions',
814 silly audit report       severity: 'high',
814 silly audit report       vulnerable_versions: '>=9.0.0 <9.0.7',
814 silly audit report       cwe: [Array],
814 silly audit report       cvss: [Object]
814 silly audit report     }
814 silly audit report   ],
814 silly audit report   braces: [
814 silly audit report     {
814 silly audit report       id: 1098094,
814 silly audit report       url: 'https://github.com/advisories/GHSA-grv7-fg5c-xmjg',
814 silly audit report       title: 'Uncontrolled resource consumption in braces',
814 silly audit report       severity: 'high',
814 silly audit report       vulnerable_versions: '<3.0.3',
814 silly audit report       cwe: [Array],
814 silly audit report       cvss: [Object]
814 silly audit report     }
814 silly audit report   ],
814 silly audit report   cookie: [
814 silly audit report     {
814 silly audit report       id: 1103907,
814 silly audit report       url: 'https://github.com/advisories/GHSA-pxg6-pf52-xh8x',
814 silly audit report       title: 'cookie accepts cookie name, path, and domain with out of bounds characters',
814 silly audit report       severity: 'low',
814 silly audit report       vulnerable_versions: '<0.7.0',
814 silly audit report       cwe: [Array],
814 silly audit report       cvss: [Object]
814 silly audit report     }
814 silly audit report   ],
814 silly audit report   'cross-spawn': [
814 silly audit report     {
814 silly audit report       id: 1104664,
814 silly audit report       url: 'https://github.com/advisories/GHSA-3xgq-45jj-v275',
814 silly audit report       title: 'Regular Expression Denial of Service (ReDoS) in cross-spawn',
814 silly audit report       severity: 'high',
814 silly audit report       vulnerable_versions: '>=7.0.0 <7.0.5',
814 silly audit report       cwe: [Array],
814 silly audit report       cvss: [Object]
814 silly audit report     }
814 silly audit report   ],
814 silly audit report   dottie: [
814 silly audit report     {
814 silly audit report       id: 1113536,
814 silly audit report       url: 'https://github.com/advisories/GHSA-r5mx-6wc6-7h9w',
814 silly audit report       title: 'dottie is vulnerable to Prototype Pollution bypass via non-first path segments in set() and transform()',
814 silly audit report       severity: 'moderate',
814 silly audit report       vulnerable_versions: '>=2.0.4 <=2.0.6',
814 silly audit report       cwe: [Array],
814 silly audit report       cvss: [Object]
814 silly audit report     }
814 silly audit report   ],
814 silly audit report   fastify: [
814 silly audit report     {
814 silly audit report       id: 1112876,
814 silly audit report       url: 'https://github.com/advisories/GHSA-mrq3-vjjr-p77c',
814 silly audit report       title: 'Fastify Vulnerable to DoS via Unbounded Memory Allocation in sendWebStream',
814 silly audit report       severity: 'low',
814 silly audit report       vulnerable_versions: '<=5.7.2',
814 silly audit report       cwe: [Array],
814 silly audit report       cvss: [Object]
814 silly audit report     },
814 silly audit report     {
814 silly audit report       id: 1112877,
814 silly audit report       url: 'https://github.com/advisories/GHSA-jx2c-rxcm-jvmq',
814 silly audit report       title: "Fastify's Content-Type header tab character allows body validation bypass",
814 silly audit report       severity: 'high',
814 silly audit report       vulnerable_versions: '<5.7.2',
814 silly audit report       cwe: [Array],
814 silly audit report       cvss: [Object]
814 silly audit report     }
814 silly audit report   ],
814 silly audit report   'find-my-way': [
814 silly audit report     {
814 silly audit report       id: 1099853,
814 silly audit report       url: 'https://github.com/advisories/GHSA-rrr8-f88r-h8q6',
814 silly audit report       title: 'find-my-way has a ReDoS vulnerability in multiparametric routes',
814 silly audit report       severity: 'high',
814 silly audit report       vulnerable_versions: '>=5.5.0 <8.2.2',
814 silly audit report       cwe: [Array],
814 silly audit report       cvss: [Object]
814 silly audit report     }
814 silly audit report   ],
814 silly audit report   ip: [
814 silly audit report     {
814 silly audit report       id: 1101851,
814 silly audit report       url: 'https://github.com/advisories/GHSA-2p57-rm9w-gvfp',
814 silly audit report       title: 'ip SSRF improper categorization in isPublic',
814 silly audit report       severity: 'high',
814 silly audit report       vulnerable_versions: '<=2.0.1',
814 silly audit report       cwe: [Array],
814 silly audit report       cvss: [Object]
814 silly audit report     },
814 silly audit report     {
814 silly audit report       id: 1097721,
814 silly audit report       url: 'https://github.com/advisories/GHSA-78xj-cgh5-2h22',
814 silly audit report       title: 'NPM IP package incorrectly identifies some private IP addresses as public',
814 silly audit report       severity: 'low',
814 silly audit report       vulnerable_versions: '=2.0.0',
814 silly audit report       cwe: [Array],
814 silly audit report       cvss: [Object]
814 silly audit report     }
814 silly audit report   ],
814 silly audit report   lodash: [
814 silly audit report     {
814 silly audit report       id: 1112455,
814 silly audit report       url: 'https://github.com/advisories/GHSA-xxjr-mmjv-4gpg',
814 silly audit report       title: 'Lodash has Prototype Pollution Vulnerability in `_.unset` and `_.omit` functions',
814 silly audit report       severity: 'moderate',
814 silly audit report       vulnerable_versions: '>=4.0.0 <=4.17.22',
814 silly audit report       cwe: [Array],
814 silly audit report       cvss: [Object]
814 silly audit report     }
814 silly audit report   ],
814 silly audit report   'markdown-it': [
814 silly audit report     {
814 silly audit report       id: 1113190,
814 silly audit report       url: 'https://github.com/advisories/GHSA-38c4-r59v-3vqw',
814 silly audit report       title: 'markdown-it is has a Regular Expression Denial of Service (ReDoS)',
814 silly audit report       severity: 'moderate',
814 silly audit report       vulnerable_versions: '>=13.0.0 <14.1.1',
814 silly audit report       cwe: [Array],
814 silly audit report       cvss: [Object]
814 silly audit report     }
814 silly audit report   ],
814 silly audit report   micromatch: [
814 silly audit report     {
814 silly audit report       id: 1098681,
814 silly audit report       url: 'https://github.com/advisories/GHSA-952p-6rrq-rcjv',
814 silly audit report       title: 'Regular Expression Denial of Service (ReDoS) in micromatch',
814 silly audit report       severity: 'moderate',
814 silly audit report       vulnerable_versions: '<4.0.8',
814 silly audit report       cwe: [Array],
814 silly audit report       cvss: [Object]
814 silly audit report     }
814 silly audit report   ],
814 silly audit report   nanoid: [
814 silly audit report     {
814 silly audit report       id: 1109563,
814 silly audit report       url: 'https://github.com/advisories/GHSA-mwcw-c2x4-8c55',
814 silly audit report       title: 'Predictable results in nanoid generation when given non-integer values',
814 silly audit report       severity: 'moderate',
814 silly audit report       vulnerable_versions: '<3.3.8',
814 silly audit report       cwe: [Array],
814 silly audit report       cvss: [Object]
814 silly audit report     }
814 silly audit report   ],
814 silly audit report   'path-to-regexp': [
814 silly audit report     {
814 silly audit report       id: 1101846,
814 silly audit report       url: 'https://github.com/advisories/GHSA-9wv6-86v2-598j',
814 silly audit report       title: 'path-to-regexp outputs backtracking regular expressions',
814 silly audit report       severity: 'high',
814 silly audit report       vulnerable_versions: '>=4.0.0 <6.3.0',
814 silly audit report       cwe: [Array],
814 silly audit report       cvss: [Object]
814 silly audit report     }
814 silly audit report   ],
814 silly audit report   pug: [
814 silly audit report     {
814 silly audit report       id: 1104111,
814 silly audit report       url: 'https://github.com/advisories/GHSA-3965-hpx2-q597',
814 silly audit report       title: 'Pug allows JavaScript code execution if an application accepts untrusted input',
814 silly audit report       severity: 'moderate',
814 silly audit report       vulnerable_versions: '<=3.0.2',
814 silly audit report       cwe: [Array],
814 silly audit report       cvss: [Object]
814 silly audit report     }
814 silly audit report   ],
814 silly audit report   'pug-code-gen': [
814 silly audit report     {
814 silly audit report       id: 1104107,
814 silly audit report       url: 'https://github.com/advisories/GHSA-3965-hpx2-q597',
814 silly audit report       title: 'Pug allows JavaScript code execution if an application accepts untrusted input',
814 silly audit report       severity: 'moderate',
814 silly audit report       vulnerable_versions: '<=3.0.2',
814 silly audit report       cwe: [Array],
814 silly audit report       cvss: [Object]
814 silly audit report     }
814 silly audit report   ],
814 silly audit report   qs: [
814 silly audit report     {
814 silly audit report       id: 1113161,
814 silly audit report       url: 'https://github.com/advisories/GHSA-w7fw-mjwx-w883',
814 silly audit report       title: "qs's arrayLimit bypass in comma parsing allows denial of service",
814 silly audit report       severity: 'low',
814 silly audit report       vulnerable_versions: '>=6.7.0 <=6.14.1',
814 silly audit report       cwe: [Array],
814 silly audit report       cvss: [Object]
814 silly audit report     },
814 silly audit report     {
814 silly audit report       id: 1113719,
814 silly audit report       url: 'https://github.com/advisories/GHSA-6rw7-vpxm-498p',
814 silly audit report       title: "qs's arrayLimit bypass in its bracket notation allows DoS via memory exhaustion",
814 silly audit report       severity: 'moderate',
814 silly audit report       vulnerable_versions: '<6.14.1',
814 silly audit report       cwe: [Array],
814 silly audit report       cvss: [Object]
814 silly audit report     }
814 silly audit report   ],
814 silly audit report   'serialize-javascript': [
814 silly audit report     {
814 silly audit report       id: 1113686,
814 silly audit report       url: 'https://github.com/advisories/GHSA-5c6j-r48x-rmvq',
814 silly audit report       title: 'Serialize JavaScript is Vulnerable to RCE via RegExp.flags and Date.prototype.toISOString()',
814 silly audit report       severity: 'high',
814 silly audit report       vulnerable_versions: '<=7.0.2',
814 silly audit report       cwe: [Array],
814 silly audit report       cvss: [Object]
814 silly audit report     }
814 silly audit report   ],
814 silly audit report   tar: [
814 silly audit report     {
814 silly audit report       id: 1112329,
814 silly audit report       url: 'https://github.com/advisories/GHSA-r6q2-hw4h-h46w',
814 silly audit report       title: 'Race Condition in node-tar Path Reservations via Unicode Ligature Collisions on macOS APFS',
814 silly audit report       severity: 'high',
814 silly audit report       vulnerable_versions: '<=7.5.3',
814 silly audit report       cwe: [Array],
814 silly audit report       cvss: [Object]
814 silly audit report     },
814 silly audit report     {
814 silly audit report       id: 1112659,
814 silly audit report       url: 'https://github.com/advisories/GHSA-34x7-hfp2-rc4v',
814 silly audit report       title: 'node-tar Vulnerable to Arbitrary File Creation/Overwrite via Hardlink Path Traversal',
814 silly audit report       severity: 'high',
814 silly audit report       vulnerable_versions: '<7.5.7',
814 silly audit report       cwe: [Array],
814 silly audit report       cvss: [Object]
814 silly audit report     },
814 silly audit report     {
814 silly audit report       id: 1113300,
814 silly audit report       url: 'https://github.com/advisories/GHSA-8qq5-rm4j-mr97',
814 silly audit report       title: 'node-tar is Vulnerable to Arbitrary File Overwrite and Symlink Poisoning via Insufficient Path Sanitization',
814 silly audit report       severity: 'high',
814 silly audit report       vulnerable_versions: '<=7.5.2',
814 silly audit report       cwe: [Array],
814 silly audit report       cvss: [Object]
814 silly audit report     },
814 silly audit report     {
814 silly audit report       id: 1113375,
814 silly audit report       url: 'https://github.com/advisories/GHSA-83g3-92jg-28cx',
814 silly audit report       title: 'Arbitrary File Read/Write via Hardlink Target Escape Through Symlink Chain in node-tar Extraction',
814 silly audit report       severity: 'high',
814 silly audit report       vulnerable_versions: '<7.5.8',
814 silly audit report       cwe: [Array],
814 silly audit report       cvss: [Object]
814 silly audit report     },
814 silly audit report     {
814 silly audit report       id: 1114200,
814 silly audit report       url: 'https://github.com/advisories/GHSA-qffp-2rhf-9h96',
814 silly audit report       title: 'tar has Hardlink Path Traversal via Drive-Relative Linkpath',
814 silly audit report       severity: 'high',
814 silly audit report       vulnerable_versions: '<=7.5.9',
814 silly audit report       cwe: [Array],
814 silly audit report       cvss: [Object]
814 silly audit report     },
814 silly audit report     {
814 silly audit report       id: 1097493,
814 silly audit report       url: 'https://github.com/advisories/GHSA-f5x3-32g6-xq36',
814 silly audit report       title: 'Denial of service while parsing a tar file due to lack of folders count validation',
814 silly audit report       severity: 'moderate',
814 silly audit report       vulnerable_versions: '<6.2.1',
814 silly audit report       cwe: [Array],
814 silly audit report       cvss: [Object]
814 silly audit report     }
814 silly audit report   ],
814 silly audit report   'tar-fs': [
814 silly audit report     {
814 silly audit report       id: 1109532,
814 silly audit report       url: 'https://github.com/advisories/GHSA-vj76-c3g6-qr5v',
814 silly audit report       title: 'tar-fs has a symlink validation bypass if destination directory is predictable with a specific tarball',
814 silly audit report       severity: 'high',
814 silly audit report       vulnerable_versions: '>=2.0.0 <2.1.4',
814 silly audit report       cwe: [Array],
814 silly audit report       cvss: [Object]
814 silly audit report     },
814 silly audit report     {
814 silly audit report       id: 1109543,
814 silly audit report       url: 'https://github.com/advisories/GHSA-8cj5-5rvv-wf4v',
814 silly audit report       title: 'tar-fs can extract outside the specified dir with a specific tarball',
814 silly audit report       severity: 'high',
814 silly audit report       vulnerable_versions: '>=2.0.0 <2.1.3',
814 silly audit report       cwe: [Array],
814 silly audit report       cvss: [Object]
814 silly audit report     },
814 silly audit report     {
814 silly audit report       id: 1109552,
814 silly audit report       url: 'https://github.com/advisories/GHSA-pq67-2wwv-3xjx',
814 silly audit report       title: 'tar-fs Vulnerable to Link Following and Path Traversal via Extracting a Crafted tar File',
814 silly audit report       severity: 'high',
814 silly audit report       vulnerable_versions: '>=2.0.0 <2.1.2',
814 silly audit report       cwe: [Array],
814 silly audit report       cvss: [Object]
814 silly audit report     }
814 silly audit report   ],
814 silly audit report   validator: [
814 silly audit report     {
814 silly audit report       id: 1109241,
814 silly audit report       url: 'https://github.com/advisories/GHSA-9965-vmph-33xx',
814 silly audit report       title: 'validator.js has a URL validation bypass vulnerability in its isURL function',
814 silly audit report       severity: 'moderate',
814 silly audit report       vulnerable_versions: '<13.15.20',
814 silly audit report       cwe: [Array],
814 silly audit report       cvss: [Object]
814 silly audit report     },
814 silly audit report     {
814 silly audit report       id: 1112713,
814 silly audit report       url: 'https://github.com/advisories/GHSA-vghf-hv5q-vc2g',
814 silly audit report       title: 'Validator is Vulnerable to Incomplete Filtering of One or More Instances of Special Elements',
814 silly audit report       severity: 'high',
814 silly audit report       vulnerable_versions: '<13.15.22',
814 silly audit report       cwe: [Array],
814 silly audit report       cvss: [Object]
814 silly audit report     }
814 silly audit report   ],
814 silly audit report   webpack: [
814 silly audit report     {
814 silly audit report       id: 1113041,
814 silly audit report       url: 'https://github.com/advisories/GHSA-8fgc-7cc6-rx7x',
814 silly audit report       title: 'webpack buildHttp: allowedUris allow-list bypass via URL userinfo (@) leading to build-time SSRF behavior',
814 silly audit report       severity: 'low',
814 silly audit report       vulnerable_versions: '>=5.49.0 <=5.104.0',
814 silly audit report       cwe: [Array],
814 silly audit report       cvss: [Object]
814 silly audit report     },
814 silly audit report     {
814 silly audit report       id: 1113042,
814 silly audit report       url: 'https://github.com/advisories/GHSA-38r7-794h-5758',
814 silly audit report       title: 'webpack buildHttp HttpUriPlugin allowedUris bypass via HTTP redirects → SSRF + cache persistence',
814 silly audit report       severity: 'low',
814 silly audit report       vulnerable_versions: '>=5.49.0 <5.104.0',
814 silly audit report       cwe: [Array],
814 silly audit report       cvss: [Object]
814 silly audit report     },
814 silly audit report     {
814 silly audit report       id: 1099351,
814 silly audit report       url: 'https://github.com/advisories/GHSA-4vvj-4cpr-p986',
814 silly audit report       title: "Webpack's AutoPublicPathRuntimeModule has a DOM Clobbering Gadget that leads to XSS",
814 silly audit report       severity: 'moderate',
814 silly audit report       vulnerable_versions: '>=5.0.0-alpha.0 <5.94.0',
814 silly audit report       cwe: [Array],
814 silly audit report       cvss: [Object]
814 silly audit report     }
814 silly audit report   ]
814 silly audit report }
815 timing reifyNode:node_modules/istanbul-lib-instrument Completed in 2294ms
816 timing reifyNode:node_modules/fastest-levenshtein Completed in 2288ms
817 timing reifyNode:node_modules/define-data-property Completed in 2288ms
818 timing reifyNode:node_modules/bl Completed in 2284ms
819 timing reifyNode:node_modules/agent-base Completed in 2283ms
820 timing reifyNode:node_modules/sqlite3/node_modules/minipass-fetch Completed in 2330ms
821 timing reifyNode:node_modules/babel-plugin-istanbul/node_modules/istanbul-lib-instrument Completed in 2296ms
822 timing reifyNode:node_modules/which-typed-array Completed in 2344ms
823 timing reifyNode:node_modules/text-table Completed in 2341ms
824 timing reifyNode:node_modules/string.prototype.trimend Completed in 2340ms
825 timing reifyNode:node_modules/terser-webpack-plugin Completed in 2342ms
826 timing reifyNode:node_modules/picomatch Completed in 2332ms
827 timing metavuln:cache:get:security-advisory:ajv:URErmxoyazZWR5lFcXpgTkGsbkrUBDlzD8W6txjBw2wZoOC7oHjHFfCrRr/VnGeJvbyUY9E2jxrL8p2XbwfP8g== Completed in 43ms
828 timing metavuln:cache:get:security-advisory:ajv:u4HOZ0QFYFTDLqnZ5TPSC8VEvP+HMuGcZACJuTqG8bm/gunrgkQwsiiH2pbF9tNIl45RK0sW2ccPzEojb1k0xQ== Completed in 44ms
829 timing metavuln:cache:get:security-advisory:@tootallnate/once:Bij+qufwr7God+MYI0JIFJYEDFT3IlGllIhDaMb6DB6UZOYpGBBfXc1Jq59Wdg/M2NdGRUO2+zYnIEZHW42YDw== Completed in 43ms
830 timing metavuln:cache:get:security-advisory:minimatch:tdaAHfWGUw/nl/W8ALWVH+LvG2E3gvo3P2FI/fVPxm3aZteLxWMOEuk/9iDk5O0/cZN/GRXnabt/mW/bfUoL/g== Completed in 42ms
831 timing metavuln:cache:get:security-advisory:minimatch:tJ9Z2VGWqiQfLaVKxc9K/6Rz1g70Mpl3An4UK+K1lyHdz27vYPzhMIkC4jRGAN2wpssY+8l13Ql259B6zkaX/Q== Completed in 42ms
832 timing metavuln:cache:get:security-advisory:minimatch:kx7kRjUmjSYmgQBpfsU82Na4xORZqvqpRRSlOyPLadasPBl0YfFJCjIETC00BG7Gd2omQLizgz8/GnnE/hk+Jw== Completed in 42ms
833 timing metavuln:cache:get:security-advisory:minimatch:txOieOIAfgHfBPiN09+pYAjPLRzgUOz3D3illtf9vTzeqs41QJZjfj5jVXCi/3ICpBX0YlJi/ghdWSjCJwNtwA== Completed in 42ms
834 timing metavuln:cache:get:security-advisory:minimatch:d1vHbFmApmPZ8D7tU5wibuYDk+ODEPdqBqmhQYykwFs/yMixetMkwY01zYVdWNOsg0NvkvSTlNgJ2ddzclruSA== Completed in 42ms
835 timing metavuln:cache:get:security-advisory:minimatch:IBqefxF0lKwSFXzwGHp5L8khqSaPYY99x0GHtXNH4YxtdIexeL4FFPzrnnBvkhgmGDEWHo3XAgpPYGyM1jidQQ== Completed in 42ms
836 timing metavuln:cache:get:security-advisory:dottie:0ACVlgh2XixrZ76V6Aw4AGmXe/vScI8AGIUQKFGZaYZxp4MyNabKSDBfLcT9XlERSFeHYQ9hiMRtZaHo1b3mTw== Completed in 42ms
837 timing metavuln:cache:get:security-advisory:serialize-javascript:VNhzhjSQJJPSfVWQUXMpEy6hsW23faurQllLlGbSJ7QrUHjncb9PKDTQYw8APRVBzMug+7YJc5EWXV6SYvPIiw== Completed in 39ms
838 timing metavuln:cache:get:security-advisory:qs:iChjlXxtVMTpyXsUse674XoeCayLW4gF6rE7sQcXvHRFegwpM44fUr9Eqlmsmu+S9udu9w9eZmpzcAcyiUJMIQ== Completed in 39ms
839 timing metavuln:cache:get:security-advisory:tar:eeMx7uxRjV2T2ub1XcSZGVUMDQllh5SgBOjApRXoDwccZb2xPyoJEKCNDkl/ZQGHcurw9K/Nf+wQF6u7SWH6CQ== Completed in 38ms
840 timing reifyNode:node_modules/minipass-fetch Completed in 2336ms
841 timing reifyNode:node_modules/globalthis Completed in 2329ms
842 timing reifyNode:node_modules/function-bind Completed in 2328ms
843 timing reifyNode:node_modules/execa Completed in 2326ms
844 timing reifyNode:node_modules/espree Completed in 2326ms
845 timing reifyNode:node_modules/doctrine Completed in 2325ms
846 timing reifyNode:node_modules/es-module-lexer Completed in 2327ms
847 timing reifyNode:node_modules/dotenv Completed in 2326ms
848 timing reifyNode:node_modules/cjs-module-lexer Completed in 2325ms
849 timing reifyNode:node_modules/chokidar Completed in 2326ms
850 timing reifyNode:node_modules/arraybuffer.prototype.slice Completed in 2322ms
851 timing reifyNode:node_modules/constantinople Completed in 2328ms
852 timing reifyNode:node_modules/argparse Completed in 2323ms
853 timing reifyNode:node_modules/node-gyp/node_modules/minipass-fetch Completed in 2353ms
854 timing reifyNode:node_modules/@npmcli/run-script Completed in 2326ms
855 timing reifyNode:node_modules/eslint/node_modules/espree Completed in 2339ms
856 timing reifyNode:node_modules/eslint-plugin-import/node_modules/doctrine Completed in 2339ms
857 timing reifyNode:node_modules/agentkeepalive/node_modules/depd Completed in 2332ms
858 timing reifyNode:node_modules/jju Completed in 2360ms
859 timing reifyNode:node_modules/abort-controller Completed in 2342ms
860 timing reifyNode:node_modules/array.prototype.flat Completed in 2343ms
861 timing reifyNode:node_modules/tsconfig-paths/node_modules/json5 Completed in 2386ms
862 timing reifyNode:node_modules/toposort-class Completed in 2387ms
863 timing reifyNode:node_modules/spawn-please Completed in 2384ms
864 timing reifyNode:node_modules/path-to-regexp Completed in 2375ms
865 timing reifyNode:node_modules/object.values Completed in 2373ms
866 timing reifyNode:node_modules/on-exit-leak-free Completed in 2373ms
867 timing reifyNode:node_modules/object.groupby Completed in 2373ms
868 timing reifyNode:node_modules/mime-db Completed in 2370ms
869 timing reifyNode:node_modules/json-stable-stringify-without-jsonify Completed in 2367ms
870 timing reifyNode:node_modules/jest-validate Completed in 2366ms
871 timing reifyNode:node_modules/jest-resolve Completed in 2367ms
872 timing reifyNode:node_modules/jest-watcher Completed in 2367ms
873 timing reifyNode:node_modules/json-schema-ref-resolver Completed in 2368ms
874 timing reifyNode:node_modules/has-symbols Completed in 2362ms
875 timing reifyNode:node_modules/array.prototype.findlastindex Completed in 2349ms
876 timing reifyNode:node_modules/@sigstore/tuf Completed in 2345ms
877 timing reifyNode:node_modules/@sigstore/bundle Completed in 2345ms
878 timing reifyNode:node_modules/@npmcli/git Completed in 2344ms
879 timing reifyNode:node_modules/@jridgewell/gen-mapping Completed in 2344ms
880 timing reifyNode:node_modules/@fastify/formbody Completed in 2341ms
881 timing reifyNode:node_modules/@babel/compat-data Completed in 2339ms
882 timing reifyNode:node_modules/schema-utils/node_modules/json-schema-traverse Completed in 2388ms
883 timing reifyNode:node_modules/objection/node_modules/json-schema-traverse Completed in 2378ms
884 timing reifyNode:node_modules/fast-json-stringify/node_modules/json-schema-traverse Completed in 2361ms
885 timing reifyNode:node_modules/ajv-formats/node_modules/json-schema-traverse Completed in 2351ms
886 timing reifyNode:node_modules/@fastify/ajv-compiler/node_modules/json-schema-traverse Completed in 2343ms
887 timing reifyNode:node_modules/string.prototype.trim Completed in 2393ms
888 timing reifyNode:node_modules/regexp.prototype.flags Completed in 2388ms
889 timing reifyNode:node_modules/retry Completed in 2389ms
890 timing reifyNode:node_modules/human-signals Completed in 2372ms
891 timing reifyNode:node_modules/has-tostringtag Completed in 2371ms
892 timing reifyNode:node_modules/es6-weak-map Completed in 2365ms
893 timing reifyNode:node_modules/es6-symbol Completed in 2365ms
894 timing reifyNode:node_modules/cacache Completed in 2361ms
895 timing reifyNode:node_modules/close-with-grace Completed in 2362ms
896 timing reifyNode:node_modules/ajv-formats Completed in 2357ms
897 timing reifyNode:node_modules/array.prototype.flatmap Completed in 2359ms
898 timing reifyNode:node_modules/array-includes Completed in 2359ms
899 timing reifyNode:node_modules/@fastify/fast-json-stringify-compiler Completed in 2351ms
900 timing reifyNode:node_modules/make-fetch-happen Completed in 2384ms
901 timing reifyNode:node_modules/fast-json-stable-stringify Completed in 2373ms
902 timing reifyNode:node_modules/@ampproject/remapping Completed in 2354ms
903 timing reifyNode:node_modules/sqlite3/node_modules/make-fetch-happen Completed in 2404ms
904 timing reifyNode:node_modules/@fastify/error Completed in 2356ms
905 timing reifyNode:node_modules/fast-json-stringify/node_modules/ajv-formats Completed in 2376ms
906 timing reifyNode:node_modules/uc.micro Completed in 2409ms
907 timing reifyNode:node_modules/object.entries Completed in 2394ms
908 timing reifyNode:node_modules/objection-unique Completed in 2394ms
909 timing reifyNode:node_modules/jest-diff Completed in 2387ms
910 timing reifyNode:node_modules/fastq Completed in 2380ms
911 timing reifyNode:node_modules/@webassemblyjs/wasm-parser Completed in 2368ms
912 timing reifyNode:node_modules/webpack/node_modules/eslint-scope Completed in 2416ms
913 timing reifyNode:node_modules/tarn Completed in 2413ms
914 timing reifyNode:node_modules/sprintf-js Completed in 2411ms
915 timing reifyNode:node_modules/jsonparse Completed in 2396ms
916 timing reifyNode:node_modules/gauge Completed in 2389ms
917 timing reifyNode:node_modules/es-to-primitive Completed in 2384ms
918 timing reifyNode:node_modules/babel-walk Completed in 2379ms
919 timing reifyNode:node_modules/@xtuc/long Completed in 2377ms
920 timing reifyNode:node_modules/@npmcli/fs Completed in 2373ms
921 timing reifyNode:node_modules/@ungap/structured-clone Completed in 2376ms
922 timing reifyNode:node_modules/@babel/helper-compilation-targets Completed in 2368ms
923 timing reifyNode:node_modules/update-notifier/node_modules/chalk Completed in 2422ms
924 timing reifyNode:node_modules/node-gyp/node_modules/make-fetch-happen Completed in 2404ms
925 timing reifyNode:node_modules/npm-check-updates/node_modules/chalk Completed in 2405ms
926 timing reifyNode:node_modules/boxen/node_modules/chalk Completed in 2381ms
927 timing reifyNode:node_modules/yargs-parser Completed in 2428ms
928 timing reifyNode:node_modules/fastify-error-page/node_modules/fastify-plugin Completed in 2390ms
929 timing reifyNode:node_modules/tslib Completed in 2423ms
930 timing reifyNode:node_modules/style-loader Completed in 2421ms
931 timing reifyNode:node_modules/unique-filename Completed in 2424ms
932 timing reifyNode:node_modules/tuf-js Completed in 2429ms
933 timing reifyNode:node_modules/jest-snapshot Completed in 2409ms
934 timing reifyNode:node_modules/event-target-shim Completed in 2402ms
935 timing reifyNode:node_modules/esm Completed in 2403ms
936 timing reifyNode:node_modules/@pkgjs/parseargs Completed in 2391ms
937 timing reifyNode:node_modules/@nodelib/fs.stat Completed in 2393ms
938 timing reifyNode:node_modules/sequelize-cli/node_modules/yargs-parser Completed in 2436ms
939 timing reifyNode:node_modules/umzug Completed in 2444ms
940 timing metavuln:cache:get:security-advisory:js-yaml:MQ5RokLIvrWmT8/NQU0dD+jQ+6pFslHlaXx1Z5q7mESITohR8AwLT525ddIc2KvKZYbB1p5yclW3kV4xeRYXEg== Completed in 139ms
941 timing metavuln:cache:get:security-advisory:js-yaml:621IdjBdZEeVoUcjWGl1jXN0jFDGaf7dIQMeaPVKf5MxqYprJztiOC0OHOUPVoayh7Cq/fTC8L5CqEb98qlE7w== Completed in 139ms
942 timing metavuln:cache:get:security-advisory:@babel/helpers:+NsF1flAI8VENgJn0XVIWaC4lCe3b89AZgBOx219qXn/BdXH1EWl/yD49aHbhQimIG4kna8zgkunsmpiAVwNPQ== Completed in 140ms
943 timing metavuln:cache:get:security-advisory:@babel/runtime:xDaNmlS3J8LRk7IfDb7e9Gp3gcy/xDr1QZXCKC997SMkqKVemm2guY9vQpRI6omD11L5cfCI+STpoAdxUgnVsA== Completed in 140ms
944 timing metavuln:cache:get:security-advisory:glob:NTB2XjbDOgk4lkd8PZ3tUAm1F3E/ohGF6rl9/3LEO7Z0FDzSR5nWwzd3nUENA3NCNdyeR+35DOC12wPml2IV+g== Completed in 139ms
945 timing metavuln:cache:get:security-advisory:brace-expansion:7IQMvcVTr+svbh5KCx4Kl6FQKJ1GciM03BnJAve/5WYJjUeRzKAIrStVpfachbl3T6a7o8nYlQEVG6Ih0TNXRg== Completed in 139ms
946 timing metavuln:cache:get:security-advisory:brace-expansion:mClmYqWawCNXseeTBHWiIwZH/2CmFUqPCmosJIeOhAgD9z1v3SayhHAwaWVo8wmeKU/JN9VP4zDBeXaqy3Ay2A== Completed in 138ms
947 timing metavuln:cache:get:security-advisory:minimatch:V/3cIcyAQcG1bwuH0e0PI9Qt5WRtbvb/WOz2mBxAfNzXf+Dvs9G1X05eHjnPq2b0TJY4zXXpqhCAkRAipgk3iQ== Completed in 138ms
948 timing metavuln:cache:get:security-advisory:cookie:EFt7h/FZLeopARa06+F2CBY5ItUm007mP/cHgZjTJZX1MeIwg3JD7toSioRoDeE8wm5VdkimqlS+CnuPhZqbIg== Completed in 137ms
949 timing metavuln:cache:get:security-advisory:braces:JiXBFkEDkUnBQLw3PO6emUmmm2JXqgEbh+FhB3SNDS8k6Z0wM20irrfaOjjxYuMxZaKaDudvR037mtEoeqZzXw== Completed in 138ms
950 timing metavuln:cache:get:security-advisory:minimatch:/utMkAt3a6jSPsaWIJ1J7tAb7G+ccGxNsymbhFTVWOMIyhRZOJ9QR0zn1SNtejrdUO5fsO4RDJKDMI6C5/bkuw== Completed in 138ms
951 timing metavuln:cache:get:security-advisory:minimatch:B00WbbnnDNaFGA7l9BgrTioYpRMzU4+U8SUF8cn65LwArJAK0O380QwyP/UyxPr7i9XUjX9/AADC41/edu9OrA== Completed in 138ms
952 timing metavuln:cache:get:security-advisory:fastify:5OdrwYv5Xzq+rI3bchsuaHIz85Yyo5gTdhOrQGf2Em7pRhXXR2ur0R7W7qQ6UpWsSxuRBW8Fdp57dyqUhR5/yw== Completed in 137ms
953 timing metavuln:cache:get:security-advisory:cross-spawn:PBcc/5P1UEO/1Ba/jUNR65wOzs1wU0Y+m+OOSfB57dG5EajzjbqRMRm0l7MWqcJgHDYM5GoZ36Hm7qAYFlIH3A== Completed in 137ms
954 timing metavuln:cache:get:security-advisory:fastify:Mu3bbsgGIQMzQU+JUqKbxbOdmJ9sahc+8jmwkzzm3/7BqYYzReNvhjLjZ9XT5ElUjr+2gUCz/6X6tV16iM+obQ== Completed in 137ms
955 timing metavuln:cache:get:security-advisory:find-my-way:ncPGiupWBmuLy3osYbi6NeA3zAkV0H2ETbz204QySGfjGMvhOUrckXpvAqjVyzsYU9NNJZrPHuMSulTPi+/bfw== Completed in 137ms
956 timing metavuln:cache:get:security-advisory:ip:FcMhhitnipE8n5zCPiVRq2NLRNmu7UZkoO9lrM5CRC/emGwY5wSoa1+q1Q1Z8SPpfXO9tzox/MNRv7luhyJvqg== Completed in 136ms
957 timing metavuln:cache:get:security-advisory:pug:q1QCNIb5doZm6I3eRGcu7TI0K8fyc7dAf2McLW9B8u9n+aVFF2mdYrDZecswkGEqvp/OYAJdtseKaRANUQq8pQ== Completed in 135ms
958 timing metavuln:cache:get:security-advisory:markdown-it:745Vt4mrHCdT8gFHVh7oHROmP4aH4fErXXhbpeVBhtIHmsxTVI7P3rJSdfXZ1iZTBS6GEnTERL4OWUfc4Co9jQ== Completed in 136ms
959 timing metavuln:cache:get:security-advisory:lodash:OGNA5lR8rR8aeucWHqvJLBV5oaroI/lF2JfG9J2l63dx9uiGUyHuI4ymC6nv+dqWwxtqCIMcqBukiWYEiF5/RQ== Completed in 136ms
960 timing metavuln:cache:get:security-advisory:path-to-regexp:TmkHz1g6xKc2pnDD1h6+ZDKMikxz0M1BBY/wyR9ER8446AKOUk6gXjoSR2douZ5enAllzNSKaynTW1H+LBi1CA== Completed in 136ms
961 timing metavuln:cache:get:security-advisory:ip:b30c5XyTTW4mB+FTN7C/h1vhoJFO9OI8Q+LTllMkSK3uH9C7IrxRvaSJh85+QHMX79NvRWdtpRRPVOFX+5JL7A== Completed in 137ms
962 timing metavuln:cache:get:security-advisory:micromatch:TlYHmS8BZBwkbsPHbTfH2/e91KJnOnqfC63ZoKdiRy+yt6biPd8BwjBdyfPUht1+ZO675I3Gg00RQPYaWiOm8Q== Completed in 137ms
963 timing metavuln:cache:get:security-advisory:nanoid:SvMVdtEUVO5ESues2DL9aEFMy6oMG+saOn/tNitKJcx7q7CvMfC5ZcstpC8dbnZl5KL/q/3pYBvQrAPBFsC+nQ== Completed in 137ms
964 timing metavuln:cache:get:security-advisory:pug-code-gen:jYtA+ua4XfswkuObBtnwWn2fYvQUK4ca+Iv1+bqgs4mXRLiX4zUdwwNSawL0T4CvKtEq8q6TFgvFydQ8OKg+/Q== Completed in 136ms
965 timing metavuln:cache:get:security-advisory:qs:vVSN+MRVpdux32gCUfPGidHUGmS/0G5Ziwtmb1YXw3NARw1r47LtySeR7yFf/LZ4sKzi41443WWDDZzPHuCh9g== Completed in 136ms
966 timing metavuln:cache:get:security-advisory:tar:a2Rq633Fb450KrL5I+PBBip9RehJ6FtWDjNsehiUQQhfKxytiNr8LSDlXjQgxefFIJVCdcIimTEzMjwUrv3mRQ== Completed in 135ms
967 timing metavuln:cache:get:security-advisory:tar:qPQeYPFDBIedTWfYK3sbnScF6Ha7ouTs+wgndnz4PT5P+/K+GBD4epoPcYpXlu6AC7gSJlCJTJeuKbYAFoK9PA== Completed in 134ms
968 timing metavuln:cache:get:security-advisory:tar:cbwMpzkxWE086TmEbj2aUk80Z6hlvP0jzlWS+XiX15JwqEtFzUgHyHj3QX4I6EZYk8tgcYPuNr3hYFVCQY6e3Q== Completed in 134ms
969 timing metavuln:cache:get:security-advisory:tar:Bbf0Br7FJ1lJBIJDoLLFwjsDrbaYgLVqfrwr0ATzSQWEKW7Xp073S+5zxU9imRf4OqRJHo2MsCDeyKR0KRVsdA== Completed in 134ms
970 timing metavuln:cache:get:security-advisory:tar:xsfciMtNhQn+Vb692L8h5HEYBYUJ5Lhjy3bF//LOsKSn8tp0f1hbuDX26k9UtKJNPZjM5uuq2Cxlz3KwL19oJg== Completed in 134ms
971 timing metavuln:cache:get:security-advisory:tar-fs:cvuUIK3mvYU/u7TShVqDjuuoWy7Jgl2iyysqZzndeGLLwvbCDiePQ/rot9wwSNqpYc8yRaszF/7dU1Uelp1dUw== Completed in 134ms
972 timing metavuln:cache:get:security-advisory:validator:IkyJOqfhkev0E9tRX4zbgkqtsxJX67cd4upO2f1EheDpncnx522qyf9oLyXwjDcWGeZOQHSqJUAh/kUyYH60qQ== Completed in 134ms
973 timing metavuln:cache:get:security-advisory:validator:K8tnmsGw+QkTexUmTWxKwuHjWuT7Hea3z5nNI9JdW3F0rI0+n7L2rpU8PIPJJVMbPs2Qmf97TEHw10QorOnMzQ== Completed in 134ms
974 timing metavuln:cache:get:security-advisory:tar-fs:1dRVXY1/KAgNRzluJejkcnnY74RNVCtUBdSLW4DLR6KPpPmll6CDT96fyxIYOX7Nsq4AChUF8ivPlQmppqQqYw== Completed in 134ms
975 timing metavuln:cache:get:security-advisory:tar-fs:Ix/Js08sk80rCM814qr/o6ab9zjh7+H8VVJui+xRbBltVjhzX21eodMzpIt77aC2gIFcrK8EEBkOSiDgsanD1w== Completed in 134ms
976 timing metavuln:cache:get:security-advisory:webpack:s8eUYzfoKCRSDroeyV91F0huXvDaY4W8tlhzcL2BszFV9dolZHIAn/UZ/7LVU12F35esXqY1PqnhYKHfHcDozQ== Completed in 134ms
977 timing metavuln:cache:get:security-advisory:webpack:IzHFkMfHDC+SV3IL23ZHngntgLDUgyESA9Ge8Mh5rKNVcDpaWLuTZIcoUJg4/bAH+BQlnDzJ4nLfJCy6fOIM0A== Completed in 134ms
978 timing reifyNode:node_modules/function.prototype.name Completed in 2418ms
979 timing metavuln:cache:get:security-advisory:webpack:7Pl1j4sHKhCQAEccTmt3XZIEEazRzvyC0TOx07N0G7o5OIhhZ0j0Ji3KSCbTwfmCR/2OHJ3Mx5ZmedDQEQeBbg== Completed in 136ms
980 timing reifyNode:node_modules/event-emitter Completed in 2415ms
981 timing reifyNode:node_modules/es-errors Completed in 2414ms
982 timing reifyNode:node_modules/@jridgewell/source-map Completed in 2401ms
983 timing reifyNode:node_modules/@discoveryjs/json-ext Completed in 2399ms
984 timing reifyNode:node_modules/widest-line/node_modules/emoji-regex Completed in 2455ms
985 timing reifyNode:node_modules/wrap-ansi/node_modules/emoji-regex Completed in 2455ms
986 timing reifyNode:node_modules/@isaacs/cliui/node_modules/emoji-regex Completed in 2407ms
987 timing reifyNode:node_modules/boxen/node_modules/emoji-regex Completed in 2415ms
988 timing reifyNode:node_modules/tapable Completed in 2457ms
989 timing reifyNode:node_modules/smart-buffer Completed in 2456ms
990 timing reifyNode:node_modules/pino-abstract-transport Completed in 2451ms
991 timing reifyNode:node_modules/minimist Completed in 2448ms
992 timing reifyNode:node_modules/jest-circus Completed in 2443ms
993 timing reifyNode:node_modules/sequelize-pool Completed in 2463ms
994 timing reifyNode:node_modules/expect Completed in 2435ms
995 timing reifyNode:node_modules/eslint-scope Completed in 2434ms
996 timing reifyNode:node_modules/flatted Completed in 2438ms
997 timing reifyNode:node_modules/fast-content-type-parse Completed in 2439ms
998 timing reifyNode:node_modules/cli-color Completed in 2435ms
999 timing reifyNode:node_modules/node-gyp/node_modules/cacache Completed in 2460ms
1000 timing reifyNode:node_modules/pretty-format Completed in 2474ms
1001 timing reifyNode:node_modules/pacote Completed in 2472ms
1002 timing reifyNode:node_modules/timers-ext Completed in 2485ms
1003 timing reifyNode:node_modules/secure-json-parse Completed in 2484ms
1004 timing reifyNode:node_modules/esprima Completed in 2459ms
1005 timing reifyNode:node_modules/css-loader Completed in 2457ms
1006 timing reifyNode:node_modules/@types/eslint Completed in 2450ms
1007 timing reifyNode:node_modules/@pnpm/network.ca-file Completed in 2451ms
1008 timing reifyNode:node_modules/@babel/template Completed in 2446ms
1009 timing reifyNode:node_modules/shell-quote Completed in 2504ms
1010 timing reifyNode:node_modules/exit Completed in 2481ms
1011 timing reifyNode:node_modules/commander Completed in 2477ms
1012 timing reifyNode:node_modules/webpack-cli Completed in 2531ms
1013 timing reifyNode:node_modules/source-map-js Completed in 2525ms
1014 timing reifyNode:node_modules/with Completed in 2534ms
1015 timing reifyNode:node_modules/object.assign Completed in 2517ms
1016 timing reifyNode:node_modules/fastify-plugin Completed in 2503ms
1017 timing reifyNode:node_modules/@babel/helper-module-transforms Completed in 2482ms
1018 timing reifyNode:node_modules/webpack-merge Completed in 2540ms
1019 timing reifyNode:node_modules/@fastify/static/node_modules/fastify-plugin Completed in 2486ms
1020 timing reifyNode:node_modules/@fastify/view/node_modules/fastify-plugin Completed in 2488ms
1021 timing reifyNode:node_modules/nanoid Completed in 2526ms
1022 timing reifyNode:node_modules/fast-uri Completed in 2514ms
1023 timing reifyNode:node_modules/@jridgewell/trace-mapping Completed in 2500ms
1024 timing reifyNode:node_modules/@eslint-community/eslint-utils Completed in 2497ms
1025 timing reifyNode:node_modules/sqlite3/node_modules/cacache Completed in 2545ms
1026 timing reifyNode:node_modules/pg-pool Completed in 2537ms
1027 timing reifyNode:node_modules/memoizee Completed in 2532ms
1028 timing reifyNode:node_modules/jest-util Completed in 2530ms
1029 timing reifyNode:node_modules/esniff Completed in 2520ms
1030 timing reifyNode:node_modules/@nodelib/fs.scandir Completed in 2510ms
1031 timing reifyNode:node_modules/node-gyp/node_modules/@npmcli/fs Completed in 2544ms
1032 timing reifyNode:node_modules/pg Completed in 2558ms
1033 timing reifyNode:node_modules/process-warning Completed in 2577ms
1034 timing reifyNode:node_modules/jest-worker Completed in 2568ms
1035 timing reifyNode:node_modules/eslint-config-airbnb-base Completed in 2561ms
1036 timing reifyNode:node_modules/es6-iterator Completed in 2562ms
1037 timing reifyNode:node_modules/@colors/colors Completed in 2553ms
1038 timing reifyNode:node_modules/webpack/node_modules/schema-utils Completed in 2607ms
1039 timing reifyNode:node_modules/terser-webpack-plugin/node_modules/schema-utils Completed in 2608ms
1040 timing reifyNode:node_modules/jest-config Completed in 2592ms
1041 timing reifyNode:node_modules/mini-css-extract-plugin Completed in 2598ms
1042 timing reifyNode:node_modules/electron-to-chromium Completed in 2582ms
1043 timing reifyNode:node_modules/@eslint-community/regexpp Completed in 2570ms
1044 timing reifyNode:node_modules/@fastify/cookie Completed in 2572ms
1045 timing reifyNode:node_modules/schema-utils Completed in 2626ms
1046 timing reifyNode:node_modules/@fastify/ajv-compiler Completed in 2580ms
1047 timing reifyNode:node_modules/pino-std-serializers Completed in 2622ms
1048 timing reifyNode:node_modules/http2-wrapper Completed in 2609ms
1049 timing reifyNode:node_modules/fastify-method-override/node_modules/fastify-plugin Completed in 2611ms
1050 timing reifyNode:node_modules/fastify-objectionjs/node_modules/fastify-plugin Completed in 2611ms
1051 timing reifyNode:node_modules/@fastify/secure-session/node_modules/fastify-plugin Completed in 2593ms
1052 timing reifyNode:node_modules/@fastify/sensible/node_modules/fastify-plugin Completed in 2594ms
1053 timing reifyNode:node_modules/fastify-cli/node_modules/fastify-plugin Completed in 2613ms
1054 timing reifyNode:node_modules/@fastify/formbody/node_modules/fastify-plugin Completed in 2601ms
1055 timing reifyNode:node_modules/@fastify/cookie/node_modules/fastify-plugin Completed in 2601ms
1056 timing reifyNode:node_modules/@fastify/flash/node_modules/fastify-plugin Completed in 2603ms
1057 timing reifyNode:node_modules/@fastify/sensible Completed in 2612ms
1058 timing reifyNode:node_modules/eslint-module-utils Completed in 2629ms
1059 timing reifyNode:node_modules/sqlite3/node_modules/@npmcli/fs Completed in 2662ms
1060 timing reifyNode:node_modules/webpack-sources Completed in 2674ms
1061 timing reifyNode:node_modules/pino-pretty/node_modules/help-me Completed in 2659ms
1062 timing reifyNode:node_modules/fastify-cli/node_modules/pino-pretty/node_modules/help-me Completed in 2640ms
1063 timing reifyNode:node_modules/jest-haste-map Completed in 2651ms
1064 timing reifyNode:node_modules/@nodelib/fs.walk Completed in 2632ms
1065 timing reifyNode:node_modules/sonic-boom Completed in 2692ms
1066 timing reifyNode:node_modules/fast-redact Completed in 2664ms
1067 timing reifyNode:node_modules/help-me Completed in 2669ms
1068 timing reifyNode:node_modules/ssri/node_modules/minipass Completed in 2697ms
1069 timing reifyNode:node_modules/pacote/node_modules/fs-minipass/node_modules/minipass Completed in 2687ms
1070 timing reifyNode:node_modules/path-scurry/node_modules/minipass Completed in 2688ms
1071 timing reifyNode:node_modules/minipass-fetch/node_modules/minipass Completed in 2683ms
1072 timing reifyNode:node_modules/glob/node_modules/minipass Completed in 2674ms
1073 timing reifyNode:node_modules/cacache/node_modules/minipass Completed in 2663ms
1074 timing reifyNode:node_modules/readable-stream Completed in 2737ms
1075 timing reifyNode:node_modules/events Completed in 2715ms
1076 timing reifyNode:node_modules/entities Completed in 2714ms
1077 timing reifyNode:node_modules/terser-webpack-plugin/node_modules/jest-worker Completed in 2750ms
1078 timing reifyNode:node_modules/mustache Completed in 2747ms
1079 timing reifyNode:node_modules/form-data-encoder Completed in 2738ms
1080 timing reifyNode:node_modules/undici-types Completed in 2780ms
1081 timing reifyNode:node_modules/qs Completed in 2773ms
1082 timing reifyNode:node_modules/json5 Completed in 2761ms
1083 timing reifyNode:node_modules/ajv-keywords Completed in 2743ms
1084 timing reifyNode:node_modules/foreground-child/node_modules/signal-exit Completed in 2760ms
1085 timing reifyNode:node_modules/light-my-request Completed in 2781ms
1086 timing reifyNode:node_modules/@jest/reporters Completed in 2756ms
1087 timing reifyNode:node_modules/foreground-child Completed in 2788ms
1088 timing reifyNode:node_modules/acorn Completed in 2789ms
1089 timing reifyNode:node_modules/sqlite3/node_modules/node-addon-api Completed in 2830ms
1090 timing reifyNode:node_modules/wkx Completed in 2844ms
1091 timing reifyNode:node_modules/@istanbuljs/load-nyc-config/node_modules/argparse Completed in 2792ms
1092 timing reifyNode:node_modules/tar Completed in 2853ms
1093 http fetch GET 200 https://registry.npmjs.org/@babel%2fhelpers 563ms (cache revalidated)
1094 timing metavuln:packument:@babel/helpers Completed in 564ms
1095 timing metavuln:load:security-advisory:@babel/helpers:1104001 Completed in 1ms
1096 timing metavuln:calculate:security-advisory:@babel/helpers:1104001 Completed in 566ms
1097 timing reifyNode:node_modules/tar-fs Completed in 2875ms
1098 timing reifyNode:node_modules/jackspeak Completed in 2854ms
1099 timing reifyNode:node_modules/object-inspect Completed in 2864ms
1100 http fetch GET 200 https://registry.npmjs.org/@tootallnate%2fonce 581ms (cache miss)
1101 timing metavuln:packument:@tootallnate/once Completed in 581ms
1102 timing metavuln:load:security-advisory:@tootallnate/once:1113977 Completed in 1ms
1103 timing reifyNode:node_modules/node-addon-api Completed in 2877ms
1104 timing reifyNode:node_modules/@fastify/secure-session Completed in 2847ms
1105 timing reifyNode:node_modules/exponential-backoff Completed in 2872ms
1106 timing reifyNode:node_modules/path-scurry/node_modules/lru-cache Completed in 2893ms
1107 timing reifyNode:node_modules/path-scurry Completed in 2924ms
1108 timing reifyNode:node_modules/@tufjs/models Completed in 2896ms
1109 http fetch GET 200 https://registry.npmjs.org/ip 639ms (cache revalidated)
1110 timing metavuln:packument:ip Completed in 639ms
1111 timing metavuln:load:security-advisory:ip:1101851 Completed in 0ms
1112 timing metavuln:calculate:security-advisory:ip:1101851 Completed in 639ms
1113 timing metavuln:load:security-advisory:ip:1097721 Completed in 0ms
1114 timing metavuln:calculate:security-advisory:ip:1097721 Completed in 639ms
1115 http fetch GET 200 https://registry.npmjs.org/@babel%2fruntime 643ms (cache revalidated)
1116 timing metavuln:packument:@babel/runtime Completed in 645ms
1117 timing metavuln:load:security-advisory:@babel/runtime:1104000 Completed in 0ms
1118 timing metavuln:calculate:security-advisory:@babel/runtime:1104000 Completed in 645ms
1119 http fetch GET 200 https://registry.npmjs.org/micromatch 642ms (cache revalidated)
1120 timing metavuln:packument:micromatch Completed in 642ms
1121 timing metavuln:load:security-advisory:micromatch:1098681 Completed in 0ms
1122 timing metavuln:calculate:security-advisory:micromatch:1098681 Completed in 642ms
1123 timing reifyNode:node_modules/type-fest Completed in 2953ms
1124 timing reifyNode:node_modules/prompts-ncu Completed in 2943ms
1125 timing reifyNode:node_modules/sequelize-cli Completed in 2950ms
1126 http fetch GET 200 https://registry.npmjs.org/find-my-way 657ms (cache revalidated)
1127 timing metavuln:packument:find-my-way Completed in 657ms
1128 timing metavuln:load:security-advisory:find-my-way:1099853 Completed in 1ms
1129 timing metavuln:calculate:security-advisory:find-my-way:1099853 Completed in 659ms
1130 http fetch GET 200 https://registry.npmjs.org/braces 659ms (cache revalidated)
1131 timing metavuln:packument:braces Completed in 660ms
1132 timing metavuln:load:security-advisory:braces:1098094 Completed in 1ms
1133 timing metavuln:calculate:security-advisory:braces:1098094 Completed in 661ms
1134 http fetch GET 200 https://registry.npmjs.org/js-yaml 668ms (cache revalidated)
1135 timing metavuln:packument:js-yaml Completed in 668ms
1136 timing metavuln:load:security-advisory:js-yaml:1112714 Completed in 1ms
1137 timing metavuln:calculate:security-advisory:js-yaml:1112714 Completed in 669ms
1138 timing metavuln:load:security-advisory:js-yaml:1112715 Completed in 0ms
1139 timing metavuln:calculate:security-advisory:js-yaml:1112715 Completed in 669ms
1140 http fetch GET 200 https://registry.npmjs.org/nanoid 665ms (cache revalidated)
1141 timing metavuln:packument:nanoid Completed in 667ms
1142 timing metavuln:load:security-advisory:nanoid:1109563 Completed in 0ms
1143 timing metavuln:calculate:security-advisory:nanoid:1109563 Completed in 667ms
1144 http fetch GET 200 https://registry.npmjs.org/qs 667ms (cache revalidated)
1145 timing metavuln:packument:qs Completed in 668ms
1146 timing metavuln:load:security-advisory:qs:1113161 Completed in 0ms
1147 timing metavuln:calculate:security-advisory:qs:1113161 Completed in 669ms
1148 timing metavuln:load:security-advisory:qs:1113719 Completed in 1ms
1149 http fetch GET 200 https://registry.npmjs.org/lodash 674ms (cache revalidated)
1150 timing metavuln:packument:lodash Completed in 674ms
1151 timing metavuln:load:security-advisory:lodash:1112455 Completed in 1ms
1152 timing metavuln:calculate:security-advisory:lodash:1112455 Completed in 675ms
1153 http fetch GET 200 https://registry.npmjs.org/cross-spawn 676ms (cache revalidated)
1154 timing metavuln:packument:cross-spawn Completed in 676ms
1155 timing metavuln:load:security-advisory:cross-spawn:1104664 Completed in 0ms
1156 timing metavuln:calculate:security-advisory:cross-spawn:1104664 Completed in 676ms
1157 http fetch GET 200 https://registry.npmjs.org/pug 674ms (cache revalidated)
1158 timing metavuln:packument:pug Completed in 675ms
1159 timing metavuln:load:security-advisory:pug:1104111 Completed in 0ms
1160 timing metavuln:calculate:security-advisory:pug:1104111 Completed in 675ms
1161 http fetch GET 200 https://registry.npmjs.org/glob 679ms (cache revalidated)
1162 timing metavuln:packument:glob Completed in 680ms
1163 timing metavuln:load:security-advisory:glob:1109842 Completed in 0ms
1164 timing metavuln:calculate:security-advisory:glob:1109842 Completed in 681ms
1165 timing reifyNode:node_modules/ansi-escapes/node_modules/type-fest Completed in 2943ms
1166 timing reifyNode:node_modules/promise Completed in 2982ms
1167 timing reifyNode:node_modules/@sigstore/protobuf-specs Completed in 2949ms
1168 http fetch GET 200 https://registry.npmjs.org/validator 685ms (cache revalidated)
1169 timing metavuln:packument:validator Completed in 686ms
1170 timing metavuln:load:security-advisory:validator:1109241 Completed in 1ms
1171 timing metavuln:calculate:security-advisory:validator:1109241 Completed in 687ms
1172 timing metavuln:load:security-advisory:validator:1112713 Completed in 0ms
1173 timing metavuln:calculate:security-advisory:validator:1112713 Completed in 687ms
1174 timing reifyNode:node_modules/@fastify/merge-json-schemas Completed in 2964ms
1175 timing reifyNode:node_modules/pino-pretty/node_modules/readable-stream Completed in 3006ms
1176 timing reifyNode:node_modules/pino-abstract-transport/node_modules/readable-stream Completed in 3006ms
1177 timing reifyNode:node_modules/fastify-cli/node_modules/readable-stream Completed in 2987ms
1178 timing reifyNode:node_modules/semver Completed in 3015ms
1179 http fetch GET 200 https://registry.npmjs.org/ajv 716ms (cache revalidated)
1180 timing metavuln:packument:ajv Completed in 718ms
1181 timing metavuln:load:security-advisory:ajv:1113714 Completed in 1ms
1182 timing metavuln:load:security-advisory:ajv:1113715 Completed in 5ms
1183 timing reifyNode:node_modules/postcss-selector-parser Completed in 3027ms
1184 http fetch GET 200 https://registry.npmjs.org/dottie 732ms (cache miss)
1185 timing metavuln:packument:dottie Completed in 732ms
1186 timing metavuln:load:security-advisory:dottie:1113536 Completed in 1ms
1187 timing reifyNode:node_modules/@sinonjs/commons Completed in 3004ms
1188 timing metavuln:cache:put:security-advisory:@tootallnate/once:Bij+qufwr7God+MYI0JIFJYEDFT3IlGllIhDaMb6DB6UZOYpGBBfXc1Jq59Wdg/M2NdGRUO2+zYnIEZHW42YDw== Completed in 164ms
1189 timing metavuln:calculate:security-advisory:@tootallnate/once:1113977 Completed in 746ms
1190 timing reifyNode:node_modules/thread-stream Completed in 3055ms
1191 http fetch GET 200 https://registry.npmjs.org/brace-expansion 754ms (cache updated)
1192 timing metavuln:packument:brace-expansion Completed in 756ms
1193 timing metavuln:load:security-advisory:brace-expansion:1105443 Completed in 0ms
1194 timing metavuln:load:security-advisory:brace-expansion:1105444 Completed in 0ms
1195 timing reifyNode:node_modules/fs-extra Completed in 3038ms
1196 timing reifyNode:node_modules/@jest/core Completed in 3025ms
1197 http fetch GET 200 https://registry.npmjs.org/serialize-javascript 767ms (cache miss)
1198 timing metavuln:packument:serialize-javascript Completed in 767ms
1199 timing metavuln:load:security-advisory:serialize-javascript:1113686 Completed in 0ms
1200 timing reifyNode:node_modules/socks Completed in 3076ms
1201 timing reifyNode:node_modules/pg-protocol Completed in 3067ms
1202 timing reifyNode:node_modules/graphemer Completed in 3054ms
1203 timing reifyNode:node_modules/js-yaml Completed in 3068ms
1204 timing reifyNode:node_modules/ext Completed in 3067ms
1205 timing reifyNode:node_modules/enhanced-resolve Completed in 3065ms
1206 timing metavuln:cache:put:security-advisory:qs:iChjlXxtVMTpyXsUse674XoeCayLW4gF6rE7sQcXvHRFegwpM44fUr9Eqlmsmu+S9udu9w9eZmpzcAcyiUJMIQ== Completed in 126ms
1207 timing metavuln:calculate:security-advisory:qs:1113719 Completed in 795ms
1208 timing reifyNode:node_modules/iconv-lite Completed in 3083ms
1209 timing reifyNode:node_modules/i18next Completed in 3094ms
1210 timing reifyNode:node_modules/source-map Completed in 3128ms
1211 timing reifyNode:node_modules/got Completed in 3104ms
1212 timing reifyNode:node_modules/postcss Completed in 3122ms
1213 timing reifyNode:node_modules/fast-glob Completed in 3117ms
1214 timing reifyNode:node_modules/esquery Completed in 3117ms
1215 timing reifyNode:node_modules/@sinclair/typebox Completed in 3105ms
1216 timing metavuln:cache:put:security-advisory:ajv:u4HOZ0QFYFTDLqnZ5TPSC8VEvP+HMuGcZACJuTqG8bm/gunrgkQwsiiH2pbF9tNIl45RK0sW2ccPzEojb1k0xQ== Completed in 127ms
1217 timing metavuln:calculate:security-advisory:ajv:1113714 Completed in 849ms
1218 http fetch GET 200 https://registry.npmjs.org/tar-fs 843ms (cache updated)
1219 timing metavuln:packument:tar-fs Completed in 843ms
1220 timing metavuln:load:security-advisory:tar-fs:1109532 Completed in 1ms
1221 timing metavuln:load:security-advisory:tar-fs:1109543 Completed in 0ms
1222 timing metavuln:load:security-advisory:tar-fs:1109552 Completed in 0ms
1223 timing reifyNode:node_modules/@istanbuljs/load-nyc-config/node_modules/js-yaml Completed in 3107ms
1224 timing metavuln:cache:put:security-advisory:ajv:URErmxoyazZWR5lFcXpgTkGsbkrUBDlzD8W6txjBw2wZoOC7oHjHFfCrRr/VnGeJvbyUY9E2jxrL8p2XbwfP8g== Completed in 127ms
1225 timing metavuln:calculate:security-advisory:ajv:1113715 Completed in 853ms
1226 timing metavuln:cache:put:security-advisory:dottie:0ACVlgh2XixrZ76V6Aw4AGmXe/vScI8AGIUQKFGZaYZxp4MyNabKSDBfLcT9XlERSFeHYQ9hiMRtZaHo1b3mTw== Completed in 124ms
1227 timing metavuln:calculate:security-advisory:dottie:1113536 Completed in 857ms
1228 timing reifyNode:node_modules/crypto-random-string/node_modules/type-fest Completed in 3127ms
1229 timing reifyNode:node_modules/concurrently Completed in 3128ms
1230 timing reifyNode:node_modules/@webassemblyjs/ast Completed in 3128ms
1231 timing reifyNode:node_modules/fast-copy Completed in 3147ms
1232 timing metavuln:cache:put:security-advisory:brace-expansion:mClmYqWawCNXseeTBHWiIwZH/2CmFUqPCmosJIeOhAgD9z1v3SayhHAwaWVo8wmeKU/JN9VP4zDBeXaqy3Ay2A== Completed in 123ms
1233 timing metavuln:calculate:security-advisory:brace-expansion:1105444 Completed in 878ms
1234 timing metavuln:cache:put:security-advisory:brace-expansion:7IQMvcVTr+svbh5KCx4Kl6FQKJ1GciM03BnJAve/5WYJjUeRzKAIrStVpfachbl3T6a7o8nYlQEVG6Ih0TNXRg== Completed in 124ms
1235 timing metavuln:calculate:security-advisory:brace-expansion:1105443 Completed in 880ms
1236 timing metavuln:cache:put:security-advisory:serialize-javascript:VNhzhjSQJJPSfVWQUXMpEy6hsW23faurQllLlGbSJ7QrUHjncb9PKDTQYw8APRVBzMug+7YJc5EWXV6SYvPIiw== Completed in 116ms
1237 timing metavuln:calculate:security-advisory:serialize-javascript:1113686 Completed in 884ms
1238 timing reifyNode:node_modules/@eslint/eslintrc Completed in 3143ms
1239 timing reifyNode:node_modules/eslint/node_modules/@eslint/eslintrc Completed in 3162ms
1240 timing reifyNode:node_modules/uri-js Completed in 3201ms
1241 timing reifyNode:node_modules/npm-check-updates/node_modules/minimatch Completed in 3192ms
1242 timing reifyNode:node_modules/ignore-walk/node_modules/minimatch Completed in 3182ms
1243 timing reifyNode:node_modules/@tufjs/models/node_modules/minimatch Completed in 3163ms
1244 timing reifyNode:node_modules/glob/node_modules/minimatch Completed in 3181ms
1245 http fetch GET 200 https://registry.npmjs.org/markdown-it 904ms (cache revalidated)
1246 timing metavuln:packument:markdown-it Completed in 905ms
1247 timing metavuln:load:security-advisory:markdown-it:1113190 Completed in 0ms
1248 timing metavuln:calculate:security-advisory:markdown-it:1113190 Completed in 905ms
1249 http fetch GET 200 https://registry.npmjs.org/pug-code-gen 904ms (cache revalidated)
1250 timing metavuln:packument:pug-code-gen Completed in 904ms
1251 timing metavuln:load:security-advisory:pug-code-gen:1104107 Completed in 0ms
1252 timing metavuln:calculate:security-advisory:pug-code-gen:1104107 Completed in 904ms
1253 http fetch GET 200 https://registry.npmjs.org/path-to-regexp 904ms (cache revalidated)
1254 timing metavuln:packument:path-to-regexp Completed in 905ms
1255 timing metavuln:load:security-advisory:path-to-regexp:1101846 Completed in 0ms
1256 timing metavuln:calculate:security-advisory:path-to-regexp:1101846 Completed in 905ms
1257 timing reifyNode:node_modules/is-expression/node_modules/acorn Completed in 3194ms
1258 timing reifyNode:node_modules/uuid Completed in 3223ms
1259 timing reifyNode:node_modules/@babel/generator Completed in 3173ms
1260 timing reifyNode:node_modules/sequelize-cli/node_modules/yargs Completed in 3226ms
1261 timing reifyNode:node_modules/bluebird Completed in 3194ms
1262 timing reifyNode:node_modules/editorconfig/node_modules/minimatch Completed in 3201ms
1263 timing reifyNode:node_modules/boxen/node_modules/type-fest Completed in 3199ms
1264 timing metavuln:cache:put:security-advisory:tar-fs:Ix/Js08sk80rCM814qr/o6ab9zjh7+H8VVJui+xRbBltVjhzX21eodMzpIt77aC2gIFcrK8EEBkOSiDgsanD1w== Completed in 91ms
1265 timing metavuln:calculate:security-advisory:tar-fs:1109543 Completed in 935ms
1266 timing metavuln:cache:put:security-advisory:tar-fs:1dRVXY1/KAgNRzluJejkcnnY74RNVCtUBdSLW4DLR6KPpPmll6CDT96fyxIYOX7Nsq4AChUF8ivPlQmppqQqYw== Completed in 91ms
1267 timing metavuln:calculate:security-advisory:tar-fs:1109552 Completed in 935ms
1268 timing metavuln:cache:put:security-advisory:tar-fs:cvuUIK3mvYU/u7TShVqDjuuoWy7Jgl2iyysqZzndeGLLwvbCDiePQ/rot9wwSNqpYc8yRaszF/7dU1Uelp1dUw== Completed in 92ms
1269 timing metavuln:calculate:security-advisory:tar-fs:1109532 Completed in 936ms
1270 timing reifyNode:node_modules/@bcoe/v8-coverage Completed in 3198ms
1271 timing reifyNode:node_modules/@fastify/send Completed in 3198ms
1272 timing reifyNode:node_modules/yargs Completed in 3258ms
1273 timing reifyNode:node_modules/avvio Completed in 3210ms
1274 http fetch GET 200 https://registry.npmjs.org/tar 959ms (cache updated)
1275 timing metavuln:packument:tar Completed in 960ms
1276 timing metavuln:load:security-advisory:tar:1112329 Completed in 0ms
1277 timing metavuln:load:security-advisory:tar:1112659 Completed in 1ms
1278 timing metavuln:load:security-advisory:tar:1113300 Completed in 0ms
1279 timing metavuln:load:security-advisory:tar:1113375 Completed in 0ms
1280 timing metavuln:load:security-advisory:tar:1114200 Completed in 1ms
1281 timing metavuln:load:security-advisory:tar:1097493 Completed in 1ms
1282 http fetch GET 200 https://registry.npmjs.org/minimatch 972ms (cache updated)
1283 timing metavuln:packument:minimatch Completed in 973ms
1284 timing metavuln:load:security-advisory:minimatch:1113459 Completed in 0ms
1285 timing metavuln:load:security-advisory:minimatch:1113461 Completed in 0ms
1286 timing metavuln:load:security-advisory:minimatch:1113465 Completed in 0ms
1287 timing metavuln:load:security-advisory:minimatch:1113538 Completed in 1ms
1288 timing metavuln:load:security-advisory:minimatch:1113540 Completed in 1ms
1289 timing metavuln:load:security-advisory:minimatch:1113544 Completed in 1ms
1290 timing metavuln:load:security-advisory:minimatch:1113546 Completed in 0ms
1291 timing metavuln:load:security-advisory:minimatch:1113548 Completed in 1ms
1292 timing metavuln:load:security-advisory:minimatch:1113552 Completed in 1ms
1293 timing reifyNode:node_modules/prompts Completed in 3274ms
1294 timing reifyNode:node_modules/tsconfig-paths Completed in 3292ms
1295 timing reifyNode:node_modules/glob Completed in 3279ms
1296 timing reifyNode:node_modules/fastify-cli/node_modules/pino-pretty Completed in 3279ms
1297 timing reifyNode:node_modules/@sigstore/sign Completed in 3273ms
1298 timing reifyNode:node_modules/pino-pretty Completed in 3328ms
1299 timing reifyNode:node_modules/istanbul-reports Completed in 3328ms
1300 timing metavuln:cache:put:security-advisory:tar:eeMx7uxRjV2T2ub1XcSZGVUMDQllh5SgBOjApRXoDwccZb2xPyoJEKCNDkl/ZQGHcurw9K/Nf+wQF6u7SWH6CQ== Completed in 92ms
1301 timing metavuln:calculate:security-advisory:tar:1114200 Completed in 1053ms
1302 timing metavuln:cache:put:security-advisory:minimatch:txOieOIAfgHfBPiN09+pYAjPLRzgUOz3D3illtf9vTzeqs41QJZjfj5jVXCi/3ICpBX0YlJi/ghdWSjCJwNtwA== Completed in 83ms
1303 timing metavuln:calculate:security-advisory:minimatch:1113540 Completed in 1058ms
1304 timing metavuln:cache:put:security-advisory:minimatch:kx7kRjUmjSYmgQBpfsU82Na4xORZqvqpRRSlOyPLadasPBl0YfFJCjIETC00BG7Gd2omQLizgz8/GnnE/hk+Jw== Completed in 84ms
1305 timing metavuln:calculate:security-advisory:minimatch:1113538 Completed in 1058ms
1306 timing metavuln:cache:put:security-advisory:minimatch:tdaAHfWGUw/nl/W8ALWVH+LvG2E3gvo3P2FI/fVPxm3aZteLxWMOEuk/9iDk5O0/cZN/GRXnabt/mW/bfUoL/g== Completed in 83ms
1307 timing metavuln:calculate:security-advisory:minimatch:1113546 Completed in 1059ms
1308 timing metavuln:cache:put:security-advisory:tar:qPQeYPFDBIedTWfYK3sbnScF6Ha7ouTs+wgndnz4PT5P+/K+GBD4epoPcYpXlu6AC7gSJlCJTJeuKbYAFoK9PA== Completed in 95ms
1309 timing metavuln:calculate:security-advisory:tar:1112659 Completed in 1056ms
1310 timing metavuln:cache:put:security-advisory:tar:Bbf0Br7FJ1lJBIJDoLLFwjsDrbaYgLVqfrwr0ATzSQWEKW7Xp073S+5zxU9imRf4OqRJHo2MsCDeyKR0KRVsdA== Completed in 95ms
1311 timing metavuln:calculate:security-advisory:tar:1113375 Completed in 1055ms
1312 timing metavuln:cache:put:security-advisory:tar:cbwMpzkxWE086TmEbj2aUk80Z6hlvP0jzlWS+XiX15JwqEtFzUgHyHj3QX4I6EZYk8tgcYPuNr3hYFVCQY6e3Q== Completed in 95ms
1313 timing metavuln:calculate:security-advisory:tar:1113300 Completed in 1055ms
1314 timing metavuln:cache:put:security-advisory:tar:a2Rq633Fb450KrL5I+PBBip9RehJ6FtWDjNsehiUQQhfKxytiNr8LSDlXjQgxefFIJVCdcIimTEzMjwUrv3mRQ== Completed in 96ms
1315 timing metavuln:calculate:security-advisory:tar:1112329 Completed in 1056ms
1316 timing metavuln:cache:put:security-advisory:tar:xsfciMtNhQn+Vb692L8h5HEYBYUJ5Lhjy3bF//LOsKSn8tp0f1hbuDX26k9UtKJNPZjM5uuq2Cxlz3KwL19oJg== Completed in 93ms
1317 timing metavuln:calculate:security-advisory:tar:1097493 Completed in 1055ms
1318 timing metavuln:cache:put:security-advisory:minimatch:V/3cIcyAQcG1bwuH0e0PI9Qt5WRtbvb/WOz2mBxAfNzXf+Dvs9G1X05eHjnPq2b0TJY4zXXpqhCAkRAipgk3iQ== Completed in 89ms
1319 timing metavuln:calculate:security-advisory:minimatch:1113459 Completed in 1062ms
1320 timing metavuln:cache:put:security-advisory:minimatch:/utMkAt3a6jSPsaWIJ1J7tAb7G+ccGxNsymbhFTVWOMIyhRZOJ9QR0zn1SNtejrdUO5fsO4RDJKDMI6C5/bkuw== Completed in 89ms
1321 timing metavuln:calculate:security-advisory:minimatch:1113461 Completed in 1062ms
1322 timing metavuln:cache:put:security-advisory:minimatch:IBqefxF0lKwSFXzwGHp5L8khqSaPYY99x0GHtXNH4YxtdIexeL4FFPzrnnBvkhgmGDEWHo3XAgpPYGyM1jidQQ== Completed in 84ms
1323 timing metavuln:calculate:security-advisory:minimatch:1113552 Completed in 1062ms
1324 timing metavuln:cache:put:security-advisory:minimatch:B00WbbnnDNaFGA7l9BgrTioYpRMzU4+U8SUF8cn65LwArJAK0O380QwyP/UyxPr7i9XUjX9/AADC41/edu9OrA== Completed in 89ms
1325 timing metavuln:calculate:security-advisory:minimatch:1113465 Completed in 1062ms
1326 timing metavuln:cache:put:security-advisory:minimatch:tJ9Z2VGWqiQfLaVKxc9K/6Rz1g70Mpl3An4UK+K1lyHdz27vYPzhMIkC4jRGAN2wpssY+8l13Ql259B6zkaX/Q== Completed in 88ms
1327 timing metavuln:calculate:security-advisory:minimatch:1113544 Completed in 1064ms
1328 timing metavuln:cache:put:security-advisory:minimatch:d1vHbFmApmPZ8D7tU5wibuYDk+ODEPdqBqmhQYykwFs/yMixetMkwY01zYVdWNOsg0NvkvSTlNgJ2ddzclruSA== Completed in 93ms
1329 timing metavuln:calculate:security-advisory:minimatch:1113548 Completed in 1070ms
1330 timing reifyNode:node_modules/markdown-it Completed in 3358ms
1331 timing reifyNode:node_modules/sigstore Completed in 3381ms
1332 http fetch GET 200 https://registry.npmjs.org/cookie 1081ms (cache revalidated)
1333 timing metavuln:packument:cookie Completed in 1081ms
1334 timing metavuln:load:security-advisory:cookie:1103907 Completed in 0ms
1335 timing metavuln:calculate:security-advisory:cookie:1103907 Completed in 1081ms
1336 timing reifyNode:node_modules/@babel/parser Completed in 3344ms
1337 timing reifyNode:node_modules/@babel/traverse Completed in 3357ms
1338 timing reifyNode:node_modules/fast-json-stringify Completed in 3382ms
1339 timing reifyNode:node_modules/find-my-way Completed in 3396ms
1340 timing reifyNode:node_modules/@babel/helpers Completed in 3376ms
1341 timing reifyNode:node_modules/neo-async Completed in 3414ms
1342 timing reifyNode:node_modules/pure-rand Completed in 3427ms
1343 timing reifyNode:node_modules/generify Completed in 3428ms
1344 timing reifyNode:node_modules/js-beautify Completed in 3436ms
1345 timing reifyNode:node_modules/@fastify/view Completed in 3441ms
1346 timing reifyNode:node_modules/npm-check-updates/node_modules/rimraf Completed in 3518ms
1347 timing reifyNode:node_modules/schema-utils/node_modules/ajv-keywords Completed in 3550ms
1348 timing reifyNode:node_modules/@fastify/static Completed in 3507ms
1349 timing reifyNode:node_modules/ajv Completed in 3514ms
1350 timing reifyNode:node_modules/db-errors Completed in 3524ms
1351 timing reifyNode:node_modules/terser Completed in 3583ms
1352 timing reifyNode:node_modules/@types/validator Completed in 3558ms
1353 timing reifyNode:node_modules/resolve Completed in 3617ms
1354 timing reifyNode:node_modules/moment-timezone Completed in 3612ms
1355 timing reifyNode:node_modules/@types/node Completed in 3595ms
1356 timing reifyNode:node_modules/@vscode/sqlite3 Completed in 3613ms
1357 http fetch GET 200 https://registry.npmjs.org/fastify 1353ms (cache updated)
1358 timing metavuln:packument:fastify Completed in 1358ms
1359 timing metavuln:load:security-advisory:fastify:1112876 Completed in 1ms
1360 timing metavuln:load:security-advisory:fastify:1112877 Completed in 0ms
1361 timing reifyNode:node_modules/@babel/core Completed in 3618ms
1362 timing reifyNode:node_modules/type Completed in 3677ms
1363 timing reifyNode:node_modules/eslint-plugin-import Completed in 3649ms
1364 timing reifyNode:node_modules/sqlite3 Completed in 3684ms
1365 http fetch GET 200 https://registry.npmjs.org/webpack 1400ms (cache updated)
1366 timing metavuln:packument:webpack Completed in 1412ms
1367 timing metavuln:load:security-advisory:webpack:1113041 Completed in 2ms
1368 timing metavuln:load:security-advisory:webpack:1113042 Completed in 2ms
1369 timing metavuln:load:security-advisory:webpack:1099351 Completed in 2ms
1370 timing metavuln:cache:put:security-advisory:fastify:5OdrwYv5Xzq+rI3bchsuaHIz85Yyo5gTdhOrQGf2Em7pRhXXR2ur0R7W7qQ6UpWsSxuRBW8Fdp57dyqUhR5/yw== Completed in 76ms
1371 timing metavuln:calculate:security-advisory:fastify:1112876 Completed in 1435ms
1372 timing metavuln:cache:put:security-advisory:fastify:Mu3bbsgGIQMzQU+JUqKbxbOdmJ9sahc+8jmwkzzm3/7BqYYzReNvhjLjZ9XT5ElUjr+2gUCz/6X6tV16iM+obQ== Completed in 77ms
1373 timing metavuln:calculate:security-advisory:fastify:1112877 Completed in 1436ms
1374 timing reifyNode:node_modules/jquery Completed in 3726ms
1375 timing metavuln:cache:put:security-advisory:webpack:s8eUYzfoKCRSDroeyV91F0huXvDaY4W8tlhzcL2BszFV9dolZHIAn/UZ/7LVU12F35esXqY1PqnhYKHfHcDozQ== Completed in 44ms
1376 timing metavuln:calculate:security-advisory:webpack:1113042 Completed in 1460ms
1377 timing metavuln:cache:put:security-advisory:webpack:7Pl1j4sHKhCQAEccTmt3XZIEEazRzvyC0TOx07N0G7o5OIhhZ0j0Ji3KSCbTwfmCR/2OHJ3Mx5ZmedDQEQeBbg== Completed in 43ms
1378 timing metavuln:calculate:security-advisory:webpack:1099351 Completed in 1461ms
1379 timing metavuln:cache:put:security-advisory:webpack:IzHFkMfHDC+SV3IL23ZHngntgLDUgyESA9Ge8Mh5rKNVcDpaWLuTZIcoUJg4/bAH+BQlnDzJ4nLfJCy6fOIM0A== Completed in 47ms
1380 timing metavuln:calculate:security-advisory:webpack:1113041 Completed in 1461ms
1381 timing reifyNode:node_modules/@babel/runtime Completed in 3739ms
1382 timing metavuln:cache:get:security-advisory:@babel/core:rHFDgAPDp/sCXbJTVH1CD++gRwqnDm1l5hjqv1UshTfFC03lkAXjHj5sWn7bV61VhpDSBibBqnzYuoOuIJuY0Q== Completed in 25ms
1383 timing reifyNode:node_modules/validator Completed in 3888ms
1384 timing reifyNode:node_modules/pino Completed in 3898ms
1385 timing reifyNode:node_modules/sqlite3/node_modules/node-gyp Completed in 3943ms
1386 timing reifyNode:node_modules/node-gyp Completed in 3971ms
1387 timing reifyNode:node_modules/npm-check-updates Completed in 3975ms
1388 timing reifyNode:node_modules/fastify-cli Completed in 3980ms
1389 timing reifyNode:node_modules/objection Completed in 4010ms
1390 http fetch GET 200 https://registry.npmjs.org/@babel%2fcore 270ms (cache revalidated)
1391 timing metavuln:packument:@babel/core Completed in 273ms
1392 timing metavuln:load:security-advisory:@babel/core:+NsF1flAI8VENgJn0XVIWaC4lCe3b89AZgBOx219qXn/BdXH1EWl/yD49aHbhQimIG4kna8zgkunsmpiAVwNPQ== Completed in 0ms
1393 timing metavuln:calculate:security-advisory:@babel/core:+NsF1flAI8VENgJn0XVIWaC4lCe3b89AZgBOx219qXn/BdXH1EWl/yD49aHbhQimIG4kna8zgkunsmpiAVwNPQ== Completed in 273ms
1394 timing metavuln:cache:get:security-advisory:date-fns:kHMTVg+O95Y0EFfM2HO1mb7SZ4p5vWeiW1gikHyGe2x3c6+UXU8uqt+wXkUDmiXnjlJPeS0xt/QOsr/K++6P+Q== Completed in 27ms
1395 timing metavuln:cache:get:security-advisory:i18next:l4tbfjbVOZGuH/00FuoHxAf5DtkJBCMqzu0CQ4juWz1pfNe0diGF78qD/NikjjOQugC9THUj3QGPzO/X2ByTaQ== Completed in 27ms
1396 timing reifyNode:node_modules/fastify-objectionjs/node_modules/knex Completed in 4073ms
1397 timing reifyNode:node_modules/knex Completed in 4085ms
1398 timing reifyNode:node_modules/@popperjs/core Completed in 4116ms
1399 timing reifyNode:node_modules/@babel/types Completed in 4116ms
1400 http fetch GET 200 https://registry.npmjs.org/date-fns 183ms (cache revalidated)
1401 timing metavuln:packument:date-fns Completed in 185ms
1402 timing metavuln:load:security-advisory:date-fns:xDaNmlS3J8LRk7IfDb7e9Gp3gcy/xDr1QZXCKC997SMkqKVemm2guY9vQpRI6omD11L5cfCI+STpoAdxUgnVsA== Completed in 1ms
1403 timing metavuln:calculate:security-advisory:date-fns:xDaNmlS3J8LRk7IfDb7e9Gp3gcy/xDr1QZXCKC997SMkqKVemm2guY9vQpRI6omD11L5cfCI+STpoAdxUgnVsA== Completed in 186ms
1404 http fetch GET 200 https://registry.npmjs.org/i18next 443ms (cache updated)
1405 timing metavuln:packument:i18next Completed in 450ms
1406 timing metavuln:load:security-advisory:i18next:xDaNmlS3J8LRk7IfDb7e9Gp3gcy/xDr1QZXCKC997SMkqKVemm2guY9vQpRI6omD11L5cfCI+STpoAdxUgnVsA== Completed in 2ms
1407 timing reifyNode:node_modules/es5-ext Completed in 4498ms
1408 timing metavuln:cache:put:security-advisory:i18next:l4tbfjbVOZGuH/00FuoHxAf5DtkJBCMqzu0CQ4juWz1pfNe0diGF78qD/NikjjOQugC9THUj3QGPzO/X2ByTaQ== Completed in 36ms
1409 timing metavuln:calculate:security-advisory:i18next:xDaNmlS3J8LRk7IfDb7e9Gp3gcy/xDr1QZXCKC997SMkqKVemm2guY9vQpRI6omD11L5cfCI+STpoAdxUgnVsA== Completed in 488ms
1410 timing metavuln:cache:get:security-advisory:@eslint/eslintrc:aTNWJFSkw5DS4SB2nZgnaAFFdAXCgYakUu7Vnu0VAj0AclpVyjznKIgNeS8Irm+NcHSORmoypttmDbChxemxqA== Completed in 4ms
1411 timing metavuln:cache:get:security-advisory:ajv-keywords:CfFtUnAadfuCbS71yeRl9tl/9HIXJ6js/s7gXlcBmi25TSuj5fGBRan13Z6fruYADIymacHLp/CVDNUa5XJjlQ== Completed in 3ms
1412 timing metavuln:cache:get:security-advisory:eslint:6kRX7Aokk76Jx6XoOHiMSU8BTR90SQMK5AZjmt7HFdN87a8DFzzjuJwsTWoA1xHp5ATdta4R7ud3Xw2YczLZlA== Completed in 3ms
1413 timing metavuln:cache:get:security-advisory:schema-utils:vlNV1ObVfukgjaciZvL6tO81wrIqbupJy3JWyMpfVe/qCIyWAVHkVJWWQRgYkBk00jAcxPQ8I4FgEcesSO9D+Q== Completed in 3ms
1414 timing reifyNode:node_modules/fastify Completed in 4547ms
1415 timing reifyNode:node_modules/better-sqlite3 Completed in 4583ms
1416 timing reifyNode:node_modules/schema-utils/node_modules/ajv Completed in 4655ms
1417 timing reifyNode:node_modules/ajv-formats/node_modules/ajv Completed in 4620ms
1418 http fetch GET 200 https://registry.npmjs.org/schema-utils 126ms (cache revalidated)
1419 timing metavuln:packument:schema-utils Completed in 127ms
1420 timing metavuln:load:security-advisory:schema-utils:u4HOZ0QFYFTDLqnZ5TPSC8VEvP+HMuGcZACJuTqG8bm/gunrgkQwsiiH2pbF9tNIl45RK0sW2ccPzEojb1k0xQ== Completed in 6ms
1421 timing reifyNode:node_modules/fast-json-stringify/node_modules/ajv Completed in 4643ms
1422 timing reifyNode:node_modules/objection/node_modules/ajv Completed in 4662ms
1423 timing reifyNode:node_modules/sequelize Completed in 4674ms
1424 http fetch GET 200 https://registry.npmjs.org/ajv-keywords 144ms (cache revalidated)
1425 timing metavuln:packument:ajv-keywords Completed in 144ms
1426 timing metavuln:load:security-advisory:ajv-keywords:u4HOZ0QFYFTDLqnZ5TPSC8VEvP+HMuGcZACJuTqG8bm/gunrgkQwsiiH2pbF9tNIl45RK0sW2ccPzEojb1k0xQ== Completed in 16ms
1427 timing reifyNode:node_modules/@fastify/ajv-compiler/node_modules/ajv Completed in 4646ms
1428 timing metavuln:cache:put:security-advisory:schema-utils:vlNV1ObVfukgjaciZvL6tO81wrIqbupJy3JWyMpfVe/qCIyWAVHkVJWWQRgYkBk00jAcxPQ8I4FgEcesSO9D+Q== Completed in 47ms
1429 timing metavuln:calculate:security-advisory:schema-utils:u4HOZ0QFYFTDLqnZ5TPSC8VEvP+HMuGcZACJuTqG8bm/gunrgkQwsiiH2pbF9tNIl45RK0sW2ccPzEojb1k0xQ== Completed in 182ms
1430 timing metavuln:cache:put:security-advisory:ajv-keywords:CfFtUnAadfuCbS71yeRl9tl/9HIXJ6js/s7gXlcBmi25TSuj5fGBRan13Z6fruYADIymacHLp/CVDNUa5XJjlQ== Completed in 27ms
1431 timing metavuln:calculate:security-advisory:ajv-keywords:u4HOZ0QFYFTDLqnZ5TPSC8VEvP+HMuGcZACJuTqG8bm/gunrgkQwsiiH2pbF9tNIl45RK0sW2ccPzEojb1k0xQ== Completed in 187ms
1432 http fetch GET 200 https://registry.npmjs.org/@eslint%2feslintrc 201ms (cache updated)
1433 timing metavuln:packument:@eslint/eslintrc Completed in 203ms
1434 timing metavuln:load:security-advisory:@eslint/eslintrc:u4HOZ0QFYFTDLqnZ5TPSC8VEvP+HMuGcZACJuTqG8bm/gunrgkQwsiiH2pbF9tNIl45RK0sW2ccPzEojb1k0xQ== Completed in 1ms
1435 timing metavuln:cache:put:security-advisory:@eslint/eslintrc:aTNWJFSkw5DS4SB2nZgnaAFFdAXCgYakUu7Vnu0VAj0AclpVyjznKIgNeS8Irm+NcHSORmoypttmDbChxemxqA== Completed in 18ms
1436 timing metavuln:calculate:security-advisory:@eslint/eslintrc:u4HOZ0QFYFTDLqnZ5TPSC8VEvP+HMuGcZACJuTqG8bm/gunrgkQwsiiH2pbF9tNIl45RK0sW2ccPzEojb1k0xQ== Completed in 222ms
1437 http fetch GET 200 https://registry.npmjs.org/eslint 283ms (cache updated)
1438 timing metavuln:packument:eslint Completed in 291ms
1439 timing metavuln:load:security-advisory:eslint:u4HOZ0QFYFTDLqnZ5TPSC8VEvP+HMuGcZACJuTqG8bm/gunrgkQwsiiH2pbF9tNIl45RK0sW2ccPzEojb1k0xQ== Completed in 5ms
1440 timing reifyNode:node_modules/eslint Completed in 4807ms
1441 timing metavuln:cache:put:security-advisory:eslint:6kRX7Aokk76Jx6XoOHiMSU8BTR90SQMK5AZjmt7HFdN87a8DFzzjuJwsTWoA1xHp5ATdta4R7ud3Xw2YczLZlA== Completed in 20ms
1442 timing metavuln:calculate:security-advisory:eslint:u4HOZ0QFYFTDLqnZ5TPSC8VEvP+HMuGcZACJuTqG8bm/gunrgkQwsiiH2pbF9tNIl45RK0sW2ccPzEojb1k0xQ== Completed in 316ms
1443 timing metavuln:cache:get:security-advisory:@fastify/ajv-compiler:+MLdGrUswLVyvmXiuYG66Nr9N0uWS06Mp2b1NPYRzxFzRanMM4snyVQYmf7jDlBCLmagi+ylWXX6kGn5g5IXJg== Completed in 3ms
1444 timing metavuln:cache:get:security-advisory:ajv-formats:FvZpb7jSNyyWiQIVPGitnU868Mo9VzJTfWeYAHvgwc94UdQjyn/4YC1QV41UK3biKRAfI35CyKmFL3IDemDaKQ== Completed in 3ms
1445 timing metavuln:cache:get:security-advisory:fast-json-stringify:XZWsOq+kHn1UjLK/uKvUbRzYGtOQyzV/hW4n+VQ+pUIUFFHT8wgzf3SfcccZ6hMHYV0BuN0TqHOEr1Pvh2AbvQ== Completed in 2ms
1446 timing metavuln:cache:get:security-advisory:schema-utils:jeD++QW3RmuXUj4724QcitSOqXm1y5wbrmfm8CQ+ksMJQx9x5aXXN4+FC6sDGla6lZbT/KpvddsLwTCnkcqp7w== Completed in 2ms
1447 timing metavuln:load:security-advisory:schema-utils:URErmxoyazZWR5lFcXpgTkGsbkrUBDlzD8W6txjBw2wZoOC7oHjHFfCrRr/VnGeJvbyUY9E2jxrL8p2XbwfP8g== Completed in 3ms
1448 timing metavuln:cache:get:security-advisory:objection:jeTPYs/kAD6NSRH/MdI7QnU+4Hiwje7WgQEBOjoTX9eJtgPbcSXlxjiVq480QD1AoBjpOEDDxi5b4uTcS/+5FA== Completed in 5ms
1449 timing metavuln:cache:get:security-advisory:ajv-keywords:2GXRn8zsuxNEY7/qN6wYE4CrPKkAphM+4Wm/OdOGHx+Nj0CLwtJcho1aVT3xUylELIHg6tXqQVmGBKQ2DdlCMA== Completed in 5ms
1450 timing metavuln:load:security-advisory:ajv-keywords:URErmxoyazZWR5lFcXpgTkGsbkrUBDlzD8W6txjBw2wZoOC7oHjHFfCrRr/VnGeJvbyUY9E2jxrL8p2XbwfP8g== Completed in 6ms
1451 timing metavuln:cache:put:security-advisory:ajv-keywords:2GXRn8zsuxNEY7/qN6wYE4CrPKkAphM+4Wm/OdOGHx+Nj0CLwtJcho1aVT3xUylELIHg6tXqQVmGBKQ2DdlCMA== Completed in 17ms
1452 timing metavuln:calculate:security-advisory:ajv-keywords:URErmxoyazZWR5lFcXpgTkGsbkrUBDlzD8W6txjBw2wZoOC7oHjHFfCrRr/VnGeJvbyUY9E2jxrL8p2XbwfP8g== Completed in 28ms
1453 timing metavuln:cache:put:security-advisory:schema-utils:jeD++QW3RmuXUj4724QcitSOqXm1y5wbrmfm8CQ+ksMJQx9x5aXXN4+FC6sDGla6lZbT/KpvddsLwTCnkcqp7w== Completed in 24ms
1454 timing metavuln:calculate:security-advisory:schema-utils:URErmxoyazZWR5lFcXpgTkGsbkrUBDlzD8W6txjBw2wZoOC7oHjHFfCrRr/VnGeJvbyUY9E2jxrL8p2XbwfP8g== Completed in 29ms
1455 http fetch GET 200 https://registry.npmjs.org/fast-json-stringify 101ms (cache revalidated)
1456 timing metavuln:packument:fast-json-stringify Completed in 102ms
1457 timing metavuln:load:security-advisory:fast-json-stringify:URErmxoyazZWR5lFcXpgTkGsbkrUBDlzD8W6txjBw2wZoOC7oHjHFfCrRr/VnGeJvbyUY9E2jxrL8p2XbwfP8g== Completed in 6ms
1458 timing metavuln:cache:put:security-advisory:fast-json-stringify:XZWsOq+kHn1UjLK/uKvUbRzYGtOQyzV/hW4n+VQ+pUIUFFHT8wgzf3SfcccZ6hMHYV0BuN0TqHOEr1Pvh2AbvQ== Completed in 19ms
1459 timing metavuln:calculate:security-advisory:fast-json-stringify:URErmxoyazZWR5lFcXpgTkGsbkrUBDlzD8W6txjBw2wZoOC7oHjHFfCrRr/VnGeJvbyUY9E2jxrL8p2XbwfP8g== Completed in 128ms
1460 http fetch GET 200 https://registry.npmjs.org/ajv-formats 136ms (cache revalidated)
1461 timing metavuln:packument:ajv-formats Completed in 137ms
1462 timing metavuln:load:security-advisory:ajv-formats:URErmxoyazZWR5lFcXpgTkGsbkrUBDlzD8W6txjBw2wZoOC7oHjHFfCrRr/VnGeJvbyUY9E2jxrL8p2XbwfP8g== Completed in 3ms
1463 timing reifyNode:node_modules/bootstrap Completed in 4966ms
1464 timing metavuln:cache:put:security-advisory:ajv-formats:FvZpb7jSNyyWiQIVPGitnU868Mo9VzJTfWeYAHvgwc94UdQjyn/4YC1QV41UK3biKRAfI35CyKmFL3IDemDaKQ== Completed in 19ms
1465 timing metavuln:calculate:security-advisory:ajv-formats:URErmxoyazZWR5lFcXpgTkGsbkrUBDlzD8W6txjBw2wZoOC7oHjHFfCrRr/VnGeJvbyUY9E2jxrL8p2XbwfP8g== Completed in 159ms
1466 timing reifyNode:node_modules/moment Completed in 5004ms
1467 timing reifyNode:node_modules/caniuse-lite Completed in 5112ms
1468 http fetch GET 200 https://registry.npmjs.org/objection 312ms (cache revalidated)
1469 timing metavuln:packument:objection Completed in 314ms
1470 timing metavuln:load:security-advisory:objection:URErmxoyazZWR5lFcXpgTkGsbkrUBDlzD8W6txjBw2wZoOC7oHjHFfCrRr/VnGeJvbyUY9E2jxrL8p2XbwfP8g== Completed in 4ms
1471 timing metavuln:cache:put:security-advisory:objection:jeTPYs/kAD6NSRH/MdI7QnU+4Hiwje7WgQEBOjoTX9eJtgPbcSXlxjiVq480QD1AoBjpOEDDxi5b4uTcS/+5FA== Completed in 13ms
1472 timing metavuln:calculate:security-advisory:objection:URErmxoyazZWR5lFcXpgTkGsbkrUBDlzD8W6txjBw2wZoOC7oHjHFfCrRr/VnGeJvbyUY9E2jxrL8p2XbwfP8g== Completed in 331ms
1473 http fetch GET 200 https://registry.npmjs.org/@fastify%2fajv-compiler 337ms (cache revalidated)
1474 timing metavuln:packument:@fastify/ajv-compiler Completed in 337ms
1475 timing metavuln:load:security-advisory:@fastify/ajv-compiler:URErmxoyazZWR5lFcXpgTkGsbkrUBDlzD8W6txjBw2wZoOC7oHjHFfCrRr/VnGeJvbyUY9E2jxrL8p2XbwfP8g== Completed in 1ms
1476 timing metavuln:cache:put:security-advisory:@fastify/ajv-compiler:+MLdGrUswLVyvmXiuYG66Nr9N0uWS06Mp2b1NPYRzxFzRanMM4snyVQYmf7jDlBCLmagi+ylWXX6kGn5g5IXJg== Completed in 10ms
1477 timing metavuln:calculate:security-advisory:@fastify/ajv-compiler:URErmxoyazZWR5lFcXpgTkGsbkrUBDlzD8W6txjBw2wZoOC7oHjHFfCrRr/VnGeJvbyUY9E2jxrL8p2XbwfP8g== Completed in 348ms
1478 timing metavuln:cache:get:security-advisory:@istanbuljs/load-nyc-config:w/86FNlNAKUQI54d7RUzBsP1/0m9gEqvzcKgVc1hG/QVJuqE1LIXvZVbQtAg4c7kez3/aUOM4JWOhkj3kEEPVA== Completed in 8ms
1479 timing reifyNode:node_modules/lodash Completed in 5194ms
1480 timing reifyNode:node_modules/webpack Completed in 5242ms
1481 timing reifyNode:node_modules/sodium-native Completed in 5247ms
1482 http fetch GET 200 https://registry.npmjs.org/@istanbuljs%2fload-nyc-config 101ms (cache revalidated)
1483 timing metavuln:packument:@istanbuljs/load-nyc-config Completed in 102ms
1484 timing metavuln:load:security-advisory:@istanbuljs/load-nyc-config:MQ5RokLIvrWmT8/NQU0dD+jQ+6pFslHlaXx1Z5q7mESITohR8AwLT525ddIc2KvKZYbB1p5yclW3kV4xeRYXEg== Completed in 0ms
1485 timing metavuln:calculate:security-advisory:@istanbuljs/load-nyc-config:MQ5RokLIvrWmT8/NQU0dD+jQ+6pFslHlaXx1Z5q7mESITohR8AwLT525ddIc2KvKZYbB1p5yclW3kV4xeRYXEg== Completed in 102ms
1486 timing metavuln:cache:get:security-advisory:rc-config-loader:q4AulNladPM/Ic9lEbKbGuyQzjCn1jqwz0AMYs/yQHvgYOx1mDpLBZLgKZBAnHqoDFu8LWanb5hOiIEPx1/klw== Completed in 6ms
1487 timing metavuln:cache:get:security-advisory:@eslint/eslintrc:+dj/LqpwTuLnMbBYuGIzIb6b3zspptDh0rakRHhZtIReGOQCQDIXFUqoHFXyUBrXqkKL96IYWa7gOtmMPQ2AIw== Completed in 6ms
1488 timing metavuln:load:security-advisory:@eslint/eslintrc:621IdjBdZEeVoUcjWGl1jXN0jFDGaf7dIQMeaPVKf5MxqYprJztiOC0OHOUPVoayh7Cq/fTC8L5CqEb98qlE7w== Completed in 0ms
1489 timing metavuln:cache:get:security-advisory:npm-check-updates:9vC8VlwNHMPreDKCmfk/iQYKr5FKq35DZWscTOeXqRjPbM+Efw5aQBr9cfJGMTacDylcPe1nQJ5GQctXjbhmEA== Completed in 7ms
1490 timing metavuln:cache:get:security-advisory:eslint:tWpS8shwtPvlnKrr0IDTnNgdZsEAPzEyjXys9cT2vEpfBr9XWHwJtpN5VN/tlasnmObTFIj3QrfKiIX5Y5+g2Q== Completed in 7ms
1491 timing metavuln:load:security-advisory:eslint:621IdjBdZEeVoUcjWGl1jXN0jFDGaf7dIQMeaPVKf5MxqYprJztiOC0OHOUPVoayh7Cq/fTC8L5CqEb98qlE7w== Completed in 1ms
1492 timing metavuln:cache:put:security-advisory:@eslint/eslintrc:+dj/LqpwTuLnMbBYuGIzIb6b3zspptDh0rakRHhZtIReGOQCQDIXFUqoHFXyUBrXqkKL96IYWa7gOtmMPQ2AIw== Completed in 13ms
1493 timing metavuln:calculate:security-advisory:@eslint/eslintrc:621IdjBdZEeVoUcjWGl1jXN0jFDGaf7dIQMeaPVKf5MxqYprJztiOC0OHOUPVoayh7Cq/fTC8L5CqEb98qlE7w== Completed in 19ms
1494 timing metavuln:cache:put:security-advisory:eslint:tWpS8shwtPvlnKrr0IDTnNgdZsEAPzEyjXys9cT2vEpfBr9XWHwJtpN5VN/tlasnmObTFIj3QrfKiIX5Y5+g2Q== Completed in 11ms
1495 timing metavuln:calculate:security-advisory:eslint:621IdjBdZEeVoUcjWGl1jXN0jFDGaf7dIQMeaPVKf5MxqYprJztiOC0OHOUPVoayh7Cq/fTC8L5CqEb98qlE7w== Completed in 19ms
1496 http fetch GET 200 https://registry.npmjs.org/rc-config-loader 350ms (cache updated)
1497 timing metavuln:packument:rc-config-loader Completed in 350ms
1498 timing metavuln:load:security-advisory:rc-config-loader:621IdjBdZEeVoUcjWGl1jXN0jFDGaf7dIQMeaPVKf5MxqYprJztiOC0OHOUPVoayh7Cq/fTC8L5CqEb98qlE7w== Completed in 0ms
1499 http fetch GET 200 https://registry.npmjs.org/npm-check-updates 356ms (cache updated)
1500 timing metavuln:packument:npm-check-updates Completed in 363ms
1501 timing metavuln:load:security-advisory:npm-check-updates:621IdjBdZEeVoUcjWGl1jXN0jFDGaf7dIQMeaPVKf5MxqYprJztiOC0OHOUPVoayh7Cq/fTC8L5CqEb98qlE7w== Completed in 1ms
1502 timing metavuln:cache:put:security-advisory:rc-config-loader:q4AulNladPM/Ic9lEbKbGuyQzjCn1jqwz0AMYs/yQHvgYOx1mDpLBZLgKZBAnHqoDFu8LWanb5hOiIEPx1/klw== Completed in 18ms
1503 timing metavuln:calculate:security-advisory:rc-config-loader:621IdjBdZEeVoUcjWGl1jXN0jFDGaf7dIQMeaPVKf5MxqYprJztiOC0OHOUPVoayh7Cq/fTC8L5CqEb98qlE7w== Completed in 369ms
1504 timing metavuln:cache:put:security-advisory:npm-check-updates:9vC8VlwNHMPreDKCmfk/iQYKr5FKq35DZWscTOeXqRjPbM+Efw5aQBr9cfJGMTacDylcPe1nQJ5GQctXjbhmEA== Completed in 11ms
1505 timing metavuln:calculate:security-advisory:npm-check-updates:621IdjBdZEeVoUcjWGl1jXN0jFDGaf7dIQMeaPVKf5MxqYprJztiOC0OHOUPVoayh7Cq/fTC8L5CqEb98qlE7w== Completed in 375ms
1506 timing metavuln:cache:get:security-advisory:js-beautify:Vg4oCCAQB/t0zzprsEbdJg6TgVHuRJw0PRholaLu8gEgXPNwujG9YYkL+R6A/jlFVJswJIA/24mjV0y67XN7RQ== Completed in 8ms
1507 timing metavuln:cache:get:security-advisory:rimraf:U6dWjEG+wBLaAeoUiIjGQdamS87vxL0a3IcTpkHufDNqr9Eagu7/CvMBwQallZVI2Pl2lkAMB2WJoO94XiR/Rw== Completed in 8ms
1508 timing metavuln:cache:get:security-advisory:cacache:jgcnDPpQA6Pd0WUq11of4JS3nfZzFbYPGEiM5lXhkm38JNpJrS4nuiCNInBrG+RFBevWIak8ZWL+tkpr1DlzGg== Completed in 8ms
1509 timing metavuln:cache:get:security-advisory:@fastify/static:TJO1f5BqMO4qMGONrc+X2aE91hAeJVEa64O46oNWsNPJu2NMTiGs2lLdmyRmAW0v3iBC5Nb7yZi+GFX0dYya2A== Completed in 10ms
1510 timing metavuln:cache:get:security-advisory:read-package-json:5WkYUYsTGprHudeNOjhfcYXDGB8eWDswOp2+aJWtp1ncEbaoiGa2Q1lkBQE7lR7C0v/5HFdS8ID7fdeWkZPMug== Completed in 9ms
1511 timing reifyNode:node_modules/es-abstract Completed in 5705ms
1512 http fetch GET 200 https://registry.npmjs.org/read-package-json 71ms (cache revalidated)
1513 timing metavuln:packument:read-package-json Completed in 71ms
1514 timing metavuln:load:security-advisory:read-package-json:NTB2XjbDOgk4lkd8PZ3tUAm1F3E/ohGF6rl9/3LEO7Z0FDzSR5nWwzd3nUENA3NCNdyeR+35DOC12wPml2IV+g== Completed in 1ms
1515 timing metavuln:calculate:security-advisory:read-package-json:NTB2XjbDOgk4lkd8PZ3tUAm1F3E/ohGF6rl9/3LEO7Z0FDzSR5nWwzd3nUENA3NCNdyeR+35DOC12wPml2IV+g== Completed in 72ms
1516 http fetch GET 200 https://registry.npmjs.org/rimraf 88ms (cache revalidated)
1517 timing metavuln:packument:rimraf Completed in 88ms
1518 timing metavuln:load:security-advisory:rimraf:NTB2XjbDOgk4lkd8PZ3tUAm1F3E/ohGF6rl9/3LEO7Z0FDzSR5nWwzd3nUENA3NCNdyeR+35DOC12wPml2IV+g== Completed in 0ms
1519 timing metavuln:calculate:security-advisory:rimraf:NTB2XjbDOgk4lkd8PZ3tUAm1F3E/ohGF6rl9/3LEO7Z0FDzSR5nWwzd3nUENA3NCNdyeR+35DOC12wPml2IV+g== Completed in 88ms
1520 http fetch GET 200 https://registry.npmjs.org/cacache 143ms (cache revalidated)
1521 timing metavuln:packument:cacache Completed in 144ms
1522 timing metavuln:load:security-advisory:cacache:NTB2XjbDOgk4lkd8PZ3tUAm1F3E/ohGF6rl9/3LEO7Z0FDzSR5nWwzd3nUENA3NCNdyeR+35DOC12wPml2IV+g== Completed in 0ms
1523 timing metavuln:calculate:security-advisory:cacache:NTB2XjbDOgk4lkd8PZ3tUAm1F3E/ohGF6rl9/3LEO7Z0FDzSR5nWwzd3nUENA3NCNdyeR+35DOC12wPml2IV+g== Completed in 144ms
1524 timing reifyNode:node_modules/rxjs Completed in 5889ms
1525 http fetch GET 200 https://registry.npmjs.org/js-beautify 270ms (cache revalidated)
1526 timing metavuln:packument:js-beautify Completed in 271ms
1527 timing metavuln:load:security-advisory:js-beautify:NTB2XjbDOgk4lkd8PZ3tUAm1F3E/ohGF6rl9/3LEO7Z0FDzSR5nWwzd3nUENA3NCNdyeR+35DOC12wPml2IV+g== Completed in 0ms
1528 timing metavuln:calculate:security-advisory:js-beautify:NTB2XjbDOgk4lkd8PZ3tUAm1F3E/ohGF6rl9/3LEO7Z0FDzSR5nWwzd3nUENA3NCNdyeR+35DOC12wPml2IV+g== Completed in 271ms
1529 http fetch GET 200 https://registry.npmjs.org/@fastify%2fstatic 844ms (cache updated)
1530 timing metavuln:packument:@fastify/static Completed in 846ms
1531 timing metavuln:load:security-advisory:@fastify/static:NTB2XjbDOgk4lkd8PZ3tUAm1F3E/ohGF6rl9/3LEO7Z0FDzSR5nWwzd3nUENA3NCNdyeR+35DOC12wPml2IV+g== Completed in 0ms
1532 timing metavuln:calculate:security-advisory:@fastify/static:NTB2XjbDOgk4lkd8PZ3tUAm1F3E/ohGF6rl9/3LEO7Z0FDzSR5nWwzd3nUENA3NCNdyeR+35DOC12wPml2IV+g== Completed in 846ms
1533 timing metavuln:cache:get:security-advisory:http-proxy-agent:yWh+WsUCdzVUoHJ+ukHX3VBWHgc+bzFCiNYaEHuuvW29uVMpISqXUxRqbG/B55MQ8eiu9zSwUnABxh5qJf1U0w== Completed in 1ms
1534 http fetch GET 200 https://registry.npmjs.org/http-proxy-agent 63ms (cache miss)
1535 timing metavuln:packument:http-proxy-agent Completed in 64ms
1536 timing metavuln:load:security-advisory:http-proxy-agent:Bij+qufwr7God+MYI0JIFJYEDFT3IlGllIhDaMb6DB6UZOYpGBBfXc1Jq59Wdg/M2NdGRUO2+zYnIEZHW42YDw== Completed in 0ms
1537 timing metavuln:cache:put:security-advisory:http-proxy-agent:yWh+WsUCdzVUoHJ+ukHX3VBWHgc+bzFCiNYaEHuuvW29uVMpISqXUxRqbG/B55MQ8eiu9zSwUnABxh5qJf1U0w== Completed in 3ms
1538 timing metavuln:calculate:security-advisory:http-proxy-agent:Bij+qufwr7God+MYI0JIFJYEDFT3IlGllIhDaMb6DB6UZOYpGBBfXc1Jq59Wdg/M2NdGRUO2+zYnIEZHW42YDw== Completed in 67ms
1539 timing metavuln:cache:get:security-advisory:minimatch:EdzP79sukXfwnaTxyFO/a1+fXPBBvIH9NlsgWGTGWGSpQkNPxYQxFaMxiKCAwfckwBABbsvD1jCrk+QZ4W56Rw== Completed in 2ms
1540 timing metavuln:load:security-advisory:minimatch:7IQMvcVTr+svbh5KCx4Kl6FQKJ1GciM03BnJAve/5WYJjUeRzKAIrStVpfachbl3T6a7o8nYlQEVG6Ih0TNXRg== Completed in 1ms
1541 timing metavuln:cache:put:security-advisory:minimatch:EdzP79sukXfwnaTxyFO/a1+fXPBBvIH9NlsgWGTGWGSpQkNPxYQxFaMxiKCAwfckwBABbsvD1jCrk+QZ4W56Rw== Completed in 3ms
1542 timing metavuln:calculate:security-advisory:minimatch:7IQMvcVTr+svbh5KCx4Kl6FQKJ1GciM03BnJAve/5WYJjUeRzKAIrStVpfachbl3T6a7o8nYlQEVG6Ih0TNXRg== Completed in 6ms
1543 timing metavuln:cache:get:security-advisory:minimatch:47aVejY8/1KnEnFlTo+uF90a7w1XvtOjMP1i7DvyX4+jxy/wlG4RjX1rMW+bmptQMpL8TSkcMyWTMH7gxl9Fpg== Completed in 3ms
1544 timing metavuln:load:security-advisory:minimatch:mClmYqWawCNXseeTBHWiIwZH/2CmFUqPCmosJIeOhAgD9z1v3SayhHAwaWVo8wmeKU/JN9VP4zDBeXaqy3Ay2A== Completed in 0ms
1545 timing metavuln:cache:put:security-advisory:minimatch:47aVejY8/1KnEnFlTo+uF90a7w1XvtOjMP1i7DvyX4+jxy/wlG4RjX1rMW+bmptQMpL8TSkcMyWTMH7gxl9Fpg== Completed in 3ms
1546 timing metavuln:calculate:security-advisory:minimatch:mClmYqWawCNXseeTBHWiIwZH/2CmFUqPCmosJIeOhAgD9z1v3SayhHAwaWVo8wmeKU/JN9VP4zDBeXaqy3Ay2A== Completed in 6ms
1547 timing metavuln:cache:get:security-advisory:@eslint/eslintrc:ekjU9xvLMIGZ60VAS3cJiXhpLVygLLVhrX5j5gbU96muSnaowg56B//Z2ieRbqnSyEhXO09OAWrrIfGViIVogQ== Completed in 6ms
1548 timing metavuln:load:security-advisory:@eslint/eslintrc:V/3cIcyAQcG1bwuH0e0PI9Qt5WRtbvb/WOz2mBxAfNzXf+Dvs9G1X05eHjnPq2b0TJY4zXXpqhCAkRAipgk3iQ== Completed in 0ms
1549 timing metavuln:cache:get:security-advisory:eslint-plugin-import:8kV5Y/kp5eDWHoCxaxP2GpSM+URcZdaiGzBLqLCUL1aFnqNJYOG1MA8HRImPYwbeSnjoD4UdCemYrgpPgqe0nQ== Completed in 6ms
1550 timing metavuln:cache:get:security-advisory:@humanwhocodes/config-array:Tk7QyZJ/5FJIVNFvkr1kqYAW2HdFmlGmqor9USZiENZhVXh0kmlTve1snlA6YKmRt6Vc/ua7GMSY9wOQLaXfEQ== Completed in 7ms
1551 timing metavuln:cache:get:security-advisory:glob:SiaR+x876RZ4PrtFfgITl2I3eRZNkCbXOr2JdOKzsfFOqrFtyoEMmqMabD5D9LbuunJXr2ioG0JXsVQhURvrcw== Completed in 6ms
1552 timing metavuln:load:security-advisory:glob:V/3cIcyAQcG1bwuH0e0PI9Qt5WRtbvb/WOz2mBxAfNzXf+Dvs9G1X05eHjnPq2b0TJY4zXXpqhCAkRAipgk3iQ== Completed in 5ms
1553 timing metavuln:cache:get:security-advisory:test-exclude:De4LSt7GFd/3aSdpF9X0QBXe74F5SOyZn84x+XzVHWPULZ2n4LHZiiFowGX/Gy/2DxKjKrSmy5eilhUTqfLeXA== Completed in 11ms
1554 timing metavuln:cache:get:security-advisory:eslint:ev5azc2U50vUYTqLo2/jaU7l8ps6Yvlqzkyp5OLr37QKqPK3+eCnjR+sureWWgBbnj1subBH7GupBmACDEZ2Mw== Completed in 11ms
1555 timing metavuln:load:security-advisory:eslint:V/3cIcyAQcG1bwuH0e0PI9Qt5WRtbvb/WOz2mBxAfNzXf+Dvs9G1X05eHjnPq2b0TJY4zXXpqhCAkRAipgk3iQ== Completed in 4ms
1556 timing metavuln:cache:put:security-advisory:glob:SiaR+x876RZ4PrtFfgITl2I3eRZNkCbXOr2JdOKzsfFOqrFtyoEMmqMabD5D9LbuunJXr2ioG0JXsVQhURvrcw== Completed in 11ms
1557 timing metavuln:calculate:security-advisory:glob:V/3cIcyAQcG1bwuH0e0PI9Qt5WRtbvb/WOz2mBxAfNzXf+Dvs9G1X05eHjnPq2b0TJY4zXXpqhCAkRAipgk3iQ== Completed in 23ms
1558 timing metavuln:cache:put:security-advisory:@eslint/eslintrc:ekjU9xvLMIGZ60VAS3cJiXhpLVygLLVhrX5j5gbU96muSnaowg56B//Z2ieRbqnSyEhXO09OAWrrIfGViIVogQ== Completed in 18ms
1559 timing metavuln:calculate:security-advisory:@eslint/eslintrc:V/3cIcyAQcG1bwuH0e0PI9Qt5WRtbvb/WOz2mBxAfNzXf+Dvs9G1X05eHjnPq2b0TJY4zXXpqhCAkRAipgk3iQ== Completed in 24ms
1560 timing metavuln:cache:put:security-advisory:eslint:ev5azc2U50vUYTqLo2/jaU7l8ps6Yvlqzkyp5OLr37QKqPK3+eCnjR+sureWWgBbnj1subBH7GupBmACDEZ2Mw== Completed in 8ms
1561 timing metavuln:calculate:security-advisory:eslint:V/3cIcyAQcG1bwuH0e0PI9Qt5WRtbvb/WOz2mBxAfNzXf+Dvs9G1X05eHjnPq2b0TJY4zXXpqhCAkRAipgk3iQ== Completed in 23ms
1562 http fetch GET 200 https://registry.npmjs.org/eslint-plugin-import 76ms (cache revalidated)
1563 timing metavuln:packument:eslint-plugin-import Completed in 78ms
1564 timing metavuln:load:security-advisory:eslint-plugin-import:V/3cIcyAQcG1bwuH0e0PI9Qt5WRtbvb/WOz2mBxAfNzXf+Dvs9G1X05eHjnPq2b0TJY4zXXpqhCAkRAipgk3iQ== Completed in 0ms
1565 timing metavuln:cache:put:security-advisory:eslint-plugin-import:8kV5Y/kp5eDWHoCxaxP2GpSM+URcZdaiGzBLqLCUL1aFnqNJYOG1MA8HRImPYwbeSnjoD4UdCemYrgpPgqe0nQ== Completed in 3ms
1566 timing metavuln:calculate:security-advisory:eslint-plugin-import:V/3cIcyAQcG1bwuH0e0PI9Qt5WRtbvb/WOz2mBxAfNzXf+Dvs9G1X05eHjnPq2b0TJY4zXXpqhCAkRAipgk3iQ== Completed in 81ms
1567 http fetch GET 200 https://registry.npmjs.org/@humanwhocodes%2fconfig-array 107ms (cache revalidated)
1568 timing metavuln:packument:@humanwhocodes/config-array Completed in 109ms
1569 timing metavuln:load:security-advisory:@humanwhocodes/config-array:V/3cIcyAQcG1bwuH0e0PI9Qt5WRtbvb/WOz2mBxAfNzXf+Dvs9G1X05eHjnPq2b0TJY4zXXpqhCAkRAipgk3iQ== Completed in 0ms
1570 timing metavuln:cache:put:security-advisory:@humanwhocodes/config-array:Tk7QyZJ/5FJIVNFvkr1kqYAW2HdFmlGmqor9USZiENZhVXh0kmlTve1snlA6YKmRt6Vc/ua7GMSY9wOQLaXfEQ== Completed in 3ms
1571 timing metavuln:calculate:security-advisory:@humanwhocodes/config-array:V/3cIcyAQcG1bwuH0e0PI9Qt5WRtbvb/WOz2mBxAfNzXf+Dvs9G1X05eHjnPq2b0TJY4zXXpqhCAkRAipgk3iQ== Completed in 112ms
1572 http fetch GET 200 https://registry.npmjs.org/test-exclude 117ms (cache revalidated)
1573 timing metavuln:packument:test-exclude Completed in 117ms
1574 timing metavuln:load:security-advisory:test-exclude:V/3cIcyAQcG1bwuH0e0PI9Qt5WRtbvb/WOz2mBxAfNzXf+Dvs9G1X05eHjnPq2b0TJY4zXXpqhCAkRAipgk3iQ== Completed in 0ms
1575 timing metavuln:cache:put:security-advisory:test-exclude:De4LSt7GFd/3aSdpF9X0QBXe74F5SOyZn84x+XzVHWPULZ2n4LHZiiFowGX/Gy/2DxKjKrSmy5eilhUTqfLeXA== Completed in 3ms
1576 timing metavuln:calculate:security-advisory:test-exclude:V/3cIcyAQcG1bwuH0e0PI9Qt5WRtbvb/WOz2mBxAfNzXf+Dvs9G1X05eHjnPq2b0TJY4zXXpqhCAkRAipgk3iQ== Completed in 120ms
1577 timing metavuln:cache:get:security-advisory:glob:R4X+WnpDwtUFUv4hhCOieVu7cXYbSHCEovFByswSd9q6FLTbUcFBMmqOz6HDB3PanEPMgXwCTV2vlizoY9cSfg== Completed in 2ms
1578 timing metavuln:load:security-advisory:glob:/utMkAt3a6jSPsaWIJ1J7tAb7G+ccGxNsymbhFTVWOMIyhRZOJ9QR0zn1SNtejrdUO5fsO4RDJKDMI6C5/bkuw== Completed in 4ms
1579 timing metavuln:cache:put:security-advisory:glob:R4X+WnpDwtUFUv4hhCOieVu7cXYbSHCEovFByswSd9q6FLTbUcFBMmqOz6HDB3PanEPMgXwCTV2vlizoY9cSfg== Completed in 3ms
1580 timing metavuln:calculate:security-advisory:glob:/utMkAt3a6jSPsaWIJ1J7tAb7G+ccGxNsymbhFTVWOMIyhRZOJ9QR0zn1SNtejrdUO5fsO4RDJKDMI6C5/bkuw== Completed in 9ms
1581 timing metavuln:cache:get:security-advisory:editorconfig:/pief47seGDBHnUOHcdf4vh8S5av/gmYGMH6T5uy3DhJchX5AykoNsEcl2U0K2kYnXDy3Q1HW14AEdN7s+Mmhw== Completed in 5ms
1582 timing metavuln:cache:get:security-advisory:glob:2gIChGnRwWJwoiDYphyLHqddJdZn+GRoNVbvpZ1vkwu0FmPASo3fUYL/YAIcdH4PhvoZ7didmLmcNsz6RTrveQ== Completed in 5ms
1583 timing metavuln:load:security-advisory:glob:B00WbbnnDNaFGA7l9BgrTioYpRMzU4+U8SUF8cn65LwArJAK0O380QwyP/UyxPr7i9XUjX9/AADC41/edu9OrA== Completed in 3ms
1584 timing metavuln:cache:get:security-advisory:@tufjs/models:4wxcDKEpUGR0GG34YoeguhvYrrA8gnDi+bbFPvJ1ftFhtA8GKofd1Zc9djffF9x3DYxzUuaf4dF+iJVeG77ZkQ== Completed in 8ms
1585 timing metavuln:cache:get:security-advisory:npm-check-updates:NcSy0P0mDK4VB/jfgMEeZpnhDP3GWx7OK1y46OcJ/EYGlWfFAkSvj/d77h1tDslj20pfQ88gclUYChhCMUrp7A== Completed in 8ms
1586 timing metavuln:load:security-advisory:npm-check-updates:B00WbbnnDNaFGA7l9BgrTioYpRMzU4+U8SUF8cn65LwArJAK0O380QwyP/UyxPr7i9XUjX9/AADC41/edu9OrA== Completed in 3ms
1587 timing metavuln:cache:get:security-advisory:ignore-walk:b0cI17MNlfsNzPHVnJnFHuGz6GP1AHCbc+TCdgowf9biWQZxg/Uqvqnya2SlfuePnqBI3YsbXp/211wT8oLsfQ== Completed in 12ms
1588 timing metavuln:cache:put:security-advisory:glob:2gIChGnRwWJwoiDYphyLHqddJdZn+GRoNVbvpZ1vkwu0FmPASo3fUYL/YAIcdH4PhvoZ7didmLmcNsz6RTrveQ== Completed in 11ms
1589 timing metavuln:calculate:security-advisory:glob:B00WbbnnDNaFGA7l9BgrTioYpRMzU4+U8SUF8cn65LwArJAK0O380QwyP/UyxPr7i9XUjX9/AADC41/edu9OrA== Completed in 19ms
1590 timing metavuln:cache:put:security-advisory:npm-check-updates:NcSy0P0mDK4VB/jfgMEeZpnhDP3GWx7OK1y46OcJ/EYGlWfFAkSvj/d77h1tDslj20pfQ88gclUYChhCMUrp7A== Completed in 7ms
1591 timing metavuln:calculate:security-advisory:npm-check-updates:B00WbbnnDNaFGA7l9BgrTioYpRMzU4+U8SUF8cn65LwArJAK0O380QwyP/UyxPr7i9XUjX9/AADC41/edu9OrA== Completed in 18ms
1592 http fetch GET 200 https://registry.npmjs.org/ignore-walk 66ms (cache revalidated)
1593 timing metavuln:packument:ignore-walk Completed in 66ms
1594 timing metavuln:load:security-advisory:ignore-walk:B00WbbnnDNaFGA7l9BgrTioYpRMzU4+U8SUF8cn65LwArJAK0O380QwyP/UyxPr7i9XUjX9/AADC41/edu9OrA== Completed in 0ms
1595 timing metavuln:cache:put:security-advisory:ignore-walk:b0cI17MNlfsNzPHVnJnFHuGz6GP1AHCbc+TCdgowf9biWQZxg/Uqvqnya2SlfuePnqBI3YsbXp/211wT8oLsfQ== Completed in 3ms
1596 timing metavuln:calculate:security-advisory:ignore-walk:B00WbbnnDNaFGA7l9BgrTioYpRMzU4+U8SUF8cn65LwArJAK0O380QwyP/UyxPr7i9XUjX9/AADC41/edu9OrA== Completed in 70ms
1597 http fetch GET 200 https://registry.npmjs.org/editorconfig 98ms (cache updated)
1598 timing metavuln:packument:editorconfig Completed in 98ms
1599 timing metavuln:load:security-advisory:editorconfig:B00WbbnnDNaFGA7l9BgrTioYpRMzU4+U8SUF8cn65LwArJAK0O380QwyP/UyxPr7i9XUjX9/AADC41/edu9OrA== Completed in 1ms
1600 timing metavuln:cache:put:security-advisory:editorconfig:/pief47seGDBHnUOHcdf4vh8S5av/gmYGMH6T5uy3DhJchX5AykoNsEcl2U0K2kYnXDy3Q1HW14AEdN7s+Mmhw== Completed in 3ms
1601 timing metavuln:calculate:security-advisory:editorconfig:B00WbbnnDNaFGA7l9BgrTioYpRMzU4+U8SUF8cn65LwArJAK0O380QwyP/UyxPr7i9XUjX9/AADC41/edu9OrA== Completed in 102ms
1602 http fetch GET 200 https://registry.npmjs.org/@tufjs%2fmodels 152ms (cache revalidated)
1603 timing metavuln:packument:@tufjs/models Completed in 152ms
1604 timing metavuln:load:security-advisory:@tufjs/models:B00WbbnnDNaFGA7l9BgrTioYpRMzU4+U8SUF8cn65LwArJAK0O380QwyP/UyxPr7i9XUjX9/AADC41/edu9OrA== Completed in 1ms
1605 timing metavuln:cache:put:security-advisory:@tufjs/models:4wxcDKEpUGR0GG34YoeguhvYrrA8gnDi+bbFPvJ1ftFhtA8GKofd1Zc9djffF9x3DYxzUuaf4dF+iJVeG77ZkQ== Completed in 2ms
1606 timing metavuln:calculate:security-advisory:@tufjs/models:B00WbbnnDNaFGA7l9BgrTioYpRMzU4+U8SUF8cn65LwArJAK0O380QwyP/UyxPr7i9XUjX9/AADC41/edu9OrA== Completed in 155ms
1607 timing metavuln:cache:get:security-advisory:chokidar:LU+YLfVnn6vFXVAvnsGqd58Rz8g6tJ60ZMP+wazsDeQPoFbTHjxfCKIpn7lW6acFOIKvNjhthFMXqTIaWevt+w== Completed in 3ms
1608 timing metavuln:cache:get:security-advisory:micromatch:KLlQrQSexijh/BbB4FSM3fP0/MIDSj3iMiApgG1JwuVrHt48fzZ8fAIdgNu2TyvXdqnfHV2kIjol+N5OzsIiGQ== Completed in 2ms
1609 timing metavuln:load:security-advisory:micromatch:JiXBFkEDkUnBQLw3PO6emUmmm2JXqgEbh+FhB3SNDS8k6Z0wM20irrfaOjjxYuMxZaKaDudvR037mtEoeqZzXw== Completed in 0ms
1610 timing metavuln:calculate:security-advisory:micromatch:JiXBFkEDkUnBQLw3PO6emUmmm2JXqgEbh+FhB3SNDS8k6Z0wM20irrfaOjjxYuMxZaKaDudvR037mtEoeqZzXw== Completed in 2ms
1611 http fetch GET 200 https://registry.npmjs.org/chokidar 85ms (cache revalidated)
1612 timing metavuln:packument:chokidar Completed in 86ms
1613 timing metavuln:load:security-advisory:chokidar:JiXBFkEDkUnBQLw3PO6emUmmm2JXqgEbh+FhB3SNDS8k6Z0wM20irrfaOjjxYuMxZaKaDudvR037mtEoeqZzXw== Completed in 0ms
1614 timing metavuln:calculate:security-advisory:chokidar:JiXBFkEDkUnBQLw3PO6emUmmm2JXqgEbh+FhB3SNDS8k6Z0wM20irrfaOjjxYuMxZaKaDudvR037mtEoeqZzXw== Completed in 87ms
1615 timing metavuln:cache:get:security-advisory:youch:GCj7wAVwXmpdpHsZ3FBltk4ddq703nJZceXkq77o3f+gaNLubEhWMdGOuTbsQUIPAj4PXvzoyIJlnaLab4wWyA== Completed in 3ms
1616 timing metavuln:cache:get:security-advisory:light-my-request:UfYeYMGFnlVOh6z1dqFizSqjGi7YyyQMRc3JQ1VnZ/OBVx1zGC6e+b6mEKG/IaRMMtjP5WJ2749QJ6iB38mozA== Completed in 4ms
1617 http fetch GET 200 https://registry.npmjs.org/light-my-request 360ms (cache revalidated)
1618 timing metavuln:packument:light-my-request Completed in 362ms
1619 timing metavuln:load:security-advisory:light-my-request:EFt7h/FZLeopARa06+F2CBY5ItUm007mP/cHgZjTJZX1MeIwg3JD7toSioRoDeE8wm5VdkimqlS+CnuPhZqbIg== Completed in 0ms
1620 timing metavuln:calculate:security-advisory:light-my-request:EFt7h/FZLeopARa06+F2CBY5ItUm007mP/cHgZjTJZX1MeIwg3JD7toSioRoDeE8wm5VdkimqlS+CnuPhZqbIg== Completed in 362ms
1621 http fetch GET 200 https://registry.npmjs.org/youch 656ms (cache revalidated)
1622 timing metavuln:packument:youch Completed in 657ms
1623 timing metavuln:load:security-advisory:youch:EFt7h/FZLeopARa06+F2CBY5ItUm007mP/cHgZjTJZX1MeIwg3JD7toSioRoDeE8wm5VdkimqlS+CnuPhZqbIg== Completed in 0ms
1624 timing metavuln:calculate:security-advisory:youch:EFt7h/FZLeopARa06+F2CBY5ItUm007mP/cHgZjTJZX1MeIwg3JD7toSioRoDeE8wm5VdkimqlS+CnuPhZqbIg== Completed in 657ms
1625 timing metavuln:cache:get:security-advisory:execa:NWBEPrq1Krr7nahht+VdDSoXe5QCSkDBW+KpXfGL4TrZAModumScH8x3aPKXTD343uDMIN2l7nchl5/7a95SBQ== Completed in 6ms
1626 timing metavuln:cache:get:security-advisory:eslint:Ne/yNy0L08mqT6jqvFBG8ZHWrqAHuxGdNEOgZtub3Su4R2LUTaqbxpX8S30zZ7tis85Jmwxbqft0hpk4j9A12Q== Completed in 6ms
1627 timing metavuln:load:security-advisory:eslint:PBcc/5P1UEO/1Ba/jUNR65wOzs1wU0Y+m+OOSfB57dG5EajzjbqRMRm0l7MWqcJgHDYM5GoZ36Hm7qAYFlIH3A== Completed in 1ms
1628 timing metavuln:cache:get:security-advisory:foreground-child:cZpBeVkHEpw8jHC+EKy88Laxrd1ur7RE5Fx7lVjtRJXjrwMFQVN00FKtYlT+IVZhQkq/19Fig8voVSYNZLEz1A== Completed in 7ms
1629 timing metavuln:cache:get:security-advisory:spawn-please:BphxFlmJVCef0edSeSF2BBo1sZe5hLcWnzmHf+irjeKMNwbxNw9WEGlLkVE/W1BkHcitZjhQlZeuv4+pMFyKkA== Completed in 7ms
1630 timing metavuln:cache:get:security-advisory:webpack-cli:H2hTN4ZrDsX5Zga3r5FRbvgrU/fAJrT+jD7Bz8Z/htxanE2nyrKoffoyQCLOAfjqlf9EjPscG8l86nb6rOFcdg== Completed in 7ms
1631 timing metavuln:cache:put:security-advisory:eslint:Ne/yNy0L08mqT6jqvFBG8ZHWrqAHuxGdNEOgZtub3Su4R2LUTaqbxpX8S30zZ7tis85Jmwxbqft0hpk4j9A12Q== Completed in 8ms
1632 timing metavuln:calculate:security-advisory:eslint:PBcc/5P1UEO/1Ba/jUNR65wOzs1wU0Y+m+OOSfB57dG5EajzjbqRMRm0l7MWqcJgHDYM5GoZ36Hm7qAYFlIH3A== Completed in 16ms
1633 http fetch GET 200 https://registry.npmjs.org/execa 68ms (cache revalidated)
1634 timing metavuln:packument:execa Completed in 69ms
1635 timing metavuln:load:security-advisory:execa:PBcc/5P1UEO/1Ba/jUNR65wOzs1wU0Y+m+OOSfB57dG5EajzjbqRMRm0l7MWqcJgHDYM5GoZ36Hm7qAYFlIH3A== Completed in 0ms
1636 timing metavuln:calculate:security-advisory:execa:PBcc/5P1UEO/1Ba/jUNR65wOzs1wU0Y+m+OOSfB57dG5EajzjbqRMRm0l7MWqcJgHDYM5GoZ36Hm7qAYFlIH3A== Completed in 69ms
1637 http fetch GET 200 https://registry.npmjs.org/webpack-cli 90ms (cache updated)
1638 timing metavuln:packument:webpack-cli Completed in 92ms
1639 timing metavuln:load:security-advisory:webpack-cli:PBcc/5P1UEO/1Ba/jUNR65wOzs1wU0Y+m+OOSfB57dG5EajzjbqRMRm0l7MWqcJgHDYM5GoZ36Hm7qAYFlIH3A== Completed in 0ms
1640 timing metavuln:calculate:security-advisory:webpack-cli:PBcc/5P1UEO/1Ba/jUNR65wOzs1wU0Y+m+OOSfB57dG5EajzjbqRMRm0l7MWqcJgHDYM5GoZ36Hm7qAYFlIH3A== Completed in 92ms
1641 http fetch GET 200 https://registry.npmjs.org/spawn-please 303ms (cache revalidated)
1642 timing metavuln:packument:spawn-please Completed in 303ms
1643 timing metavuln:load:security-advisory:spawn-please:PBcc/5P1UEO/1Ba/jUNR65wOzs1wU0Y+m+OOSfB57dG5EajzjbqRMRm0l7MWqcJgHDYM5GoZ36Hm7qAYFlIH3A== Completed in 0ms
1644 timing metavuln:calculate:security-advisory:spawn-please:PBcc/5P1UEO/1Ba/jUNR65wOzs1wU0Y+m+OOSfB57dG5EajzjbqRMRm0l7MWqcJgHDYM5GoZ36Hm7qAYFlIH3A== Completed in 303ms
1645 http fetch GET 200 https://registry.npmjs.org/foreground-child 794ms (cache revalidated)
1646 timing metavuln:packument:foreground-child Completed in 795ms
1647 timing metavuln:load:security-advisory:foreground-child:PBcc/5P1UEO/1Ba/jUNR65wOzs1wU0Y+m+OOSfB57dG5EajzjbqRMRm0l7MWqcJgHDYM5GoZ36Hm7qAYFlIH3A== Completed in 0ms
1648 timing metavuln:calculate:security-advisory:foreground-child:PBcc/5P1UEO/1Ba/jUNR65wOzs1wU0Y+m+OOSfB57dG5EajzjbqRMRm0l7MWqcJgHDYM5GoZ36Hm7qAYFlIH3A== Completed in 795ms
1649 timing metavuln:cache:get:security-advisory:sequelize:2c+7MTiFWSUCJPZxAs7noUYJMH/zTVc+k+d+icdT1NTlCxv5zo3ztT6FpxiyBnOHFRUNoxc6nR/Q0/DZwqqSKA== Completed in 1ms
1650 http fetch GET 200 https://registry.npmjs.org/sequelize 164ms (cache updated)
1651 timing metavuln:packument:sequelize Completed in 170ms
1652 timing metavuln:load:security-advisory:sequelize:0ACVlgh2XixrZ76V6Aw4AGmXe/vScI8AGIUQKFGZaYZxp4MyNabKSDBfLcT9XlERSFeHYQ9hiMRtZaHo1b3mTw== Completed in 4ms
1653 timing metavuln:cache:put:security-advisory:sequelize:2c+7MTiFWSUCJPZxAs7noUYJMH/zTVc+k+d+icdT1NTlCxv5zo3ztT6FpxiyBnOHFRUNoxc6nR/Q0/DZwqqSKA== Completed in 12ms
1654 timing metavuln:calculate:security-advisory:sequelize:0ACVlgh2XixrZ76V6Aw4AGmXe/vScI8AGIUQKFGZaYZxp4MyNabKSDBfLcT9XlERSFeHYQ9hiMRtZaHo1b3mTw== Completed in 186ms
1655 timing metavuln:cache:get:security-advisory:fastify-cli:QaslBeMuAEoSjIJGc7+wAYc4T7XpFaCnbJI8/c0a2JIyJvbwAad9SK12c7/eNgGCnrx8g4UQ77MsJaZXoAIODA== Completed in 8ms
1656 http fetch GET 200 https://registry.npmjs.org/fastify-cli 299ms (cache updated)
1657 timing metavuln:packument:fastify-cli Completed in 300ms
1658 timing metavuln:load:security-advisory:fastify-cli:5OdrwYv5Xzq+rI3bchsuaHIz85Yyo5gTdhOrQGf2Em7pRhXXR2ur0R7W7qQ6UpWsSxuRBW8Fdp57dyqUhR5/yw== Completed in 10ms
1659 timing metavuln:cache:put:security-advisory:fastify-cli:QaslBeMuAEoSjIJGc7+wAYc4T7XpFaCnbJI8/c0a2JIyJvbwAad9SK12c7/eNgGCnrx8g4UQ77MsJaZXoAIODA== Completed in 12ms
1660 timing metavuln:calculate:security-advisory:fastify-cli:5OdrwYv5Xzq+rI3bchsuaHIz85Yyo5gTdhOrQGf2Em7pRhXXR2ur0R7W7qQ6UpWsSxuRBW8Fdp57dyqUhR5/yw== Completed in 324ms
1661 timing metavuln:cache:get:security-advisory:fastify:r+d4AOedJNNM2JvdD79Tj/5Xqtya7yxHwFWKqG0+AJKMFl1K4au+8puJfPaPI6uOm9P0a/JHng7JwWmTuMXQJg== Completed in 6ms
1662 timing metavuln:load:security-advisory:fastify:ncPGiupWBmuLy3osYbi6NeA3zAkV0H2ETbz204QySGfjGMvhOUrckXpvAqjVyzsYU9NNJZrPHuMSulTPi+/bfw== Completed in 2ms
1663 timing metavuln:cache:put:security-advisory:fastify:r+d4AOedJNNM2JvdD79Tj/5Xqtya7yxHwFWKqG0+AJKMFl1K4au+8puJfPaPI6uOm9P0a/JHng7JwWmTuMXQJg== Completed in 11ms
1664 timing metavuln:calculate:security-advisory:fastify:ncPGiupWBmuLy3osYbi6NeA3zAkV0H2ETbz204QySGfjGMvhOUrckXpvAqjVyzsYU9NNJZrPHuMSulTPi+/bfw== Completed in 19ms
1665 timing metavuln:cache:get:security-advisory:socks:re7e5WgYC0N2yCcyKEpIVOef1b0RSDx7Y0SpqokON2S0og4NBc+basQ12t25Rom7giF5cYm2S3iMuCSJlhszhQ== Completed in 7ms
1666 http fetch GET 200 https://registry.npmjs.org/socks 78ms (cache revalidated)
1667 timing metavuln:packument:socks Completed in 78ms
1668 timing metavuln:load:security-advisory:socks:FcMhhitnipE8n5zCPiVRq2NLRNmu7UZkoO9lrM5CRC/emGwY5wSoa1+q1Q1Z8SPpfXO9tzox/MNRv7luhyJvqg== Completed in 0ms
1669 timing metavuln:calculate:security-advisory:socks:FcMhhitnipE8n5zCPiVRq2NLRNmu7UZkoO9lrM5CRC/emGwY5wSoa1+q1Q1Z8SPpfXO9tzox/MNRv7luhyJvqg== Completed in 79ms
1670 timing metavuln:cache:get:security-advisory:fastify-method-override:Bqz+OF3vj0F87stMKdz1zylGKE8NtgbAnp+RZ3DJo39FnbGBc9ivPmiN5C555vtAiYaLfttwTSWvQJASKYlV+g== Completed in 10ms
1671 timing metavuln:cache:get:security-advisory:concurrently:jiZST4CUOZqAcB148diLa/4Cl5k4iCySK9zdGlvkCsjY7gOsOKgF1bXrv0HVQ59659xB7IRMqiwz7OjSmmlI2A== Completed in 10ms
1672 timing metavuln:cache:get:security-advisory:knex:xzQLfa/l/BfN0UEm9OtwynMKedL9/kO38LYgtlMfN1NRGlgdM9PLi7IBDcrEUwXptCI+3DFMsmKvgOBQABYQIg== Completed in 9ms
1673 timing metavuln:cache:get:security-advisory:sequelize-cli:3hCNawRrl1ZM9szQIsCm0ai0rc4PV/6RtC9zvtR1XrrMTkmgViBTBXBxUsZapXSIBuUSRRFcJTnmgRvBUf/9nA== Completed in 9ms
1674 timing metavuln:cache:get:security-advisory:npm-check-updates:A6NzIFMr80r0b1G9uUOQ0/grfi8yyFDdzuwuYW8DK9LvNPoFVCV/JNyfXSOvhpY4YoiS1cD5RZNrCp4jVIMUcA== Completed in 9ms
1675 timing metavuln:load:security-advisory:npm-check-updates:OGNA5lR8rR8aeucWHqvJLBV5oaroI/lF2JfG9J2l63dx9uiGUyHuI4ymC6nv+dqWwxtqCIMcqBukiWYEiF5/RQ== Completed in 1ms
1676 timing metavuln:cache:get:security-advisory:sequelize:r0MmEGzxD6KLAwNM3KBOGbsgcIwLr/u67tvBlP/WGRII+/x23SPDMJr9YFGH4PZnjbGjd3bV0ODq63Uq+hGltQ== Completed in 11ms
1677 timing metavuln:load:security-advisory:sequelize:OGNA5lR8rR8aeucWHqvJLBV5oaroI/lF2JfG9J2l63dx9uiGUyHuI4ymC6nv+dqWwxtqCIMcqBukiWYEiF5/RQ== Completed in 4ms
1678 timing metavuln:cache:put:security-advisory:npm-check-updates:A6NzIFMr80r0b1G9uUOQ0/grfi8yyFDdzuwuYW8DK9LvNPoFVCV/JNyfXSOvhpY4YoiS1cD5RZNrCp4jVIMUcA== Completed in 20ms
1679 timing metavuln:calculate:security-advisory:npm-check-updates:OGNA5lR8rR8aeucWHqvJLBV5oaroI/lF2JfG9J2l63dx9uiGUyHuI4ymC6nv+dqWwxtqCIMcqBukiWYEiF5/RQ== Completed in 30ms
1680 timing metavuln:cache:put:security-advisory:sequelize:r0MmEGzxD6KLAwNM3KBOGbsgcIwLr/u67tvBlP/WGRII+/x23SPDMJr9YFGH4PZnjbGjd3bV0ODq63Uq+hGltQ== Completed in 15ms
1681 timing metavuln:calculate:security-advisory:sequelize:OGNA5lR8rR8aeucWHqvJLBV5oaroI/lF2JfG9J2l63dx9uiGUyHuI4ymC6nv+dqWwxtqCIMcqBukiWYEiF5/RQ== Completed in 30ms
1682 http fetch GET 200 https://registry.npmjs.org/sequelize-cli 101ms (cache revalidated)
1683 timing metavuln:packument:sequelize-cli Completed in 102ms
1684 timing metavuln:load:security-advisory:sequelize-cli:OGNA5lR8rR8aeucWHqvJLBV5oaroI/lF2JfG9J2l63dx9uiGUyHuI4ymC6nv+dqWwxtqCIMcqBukiWYEiF5/RQ== Completed in 1ms
1685 timing metavuln:calculate:security-advisory:sequelize-cli:OGNA5lR8rR8aeucWHqvJLBV5oaroI/lF2JfG9J2l63dx9uiGUyHuI4ymC6nv+dqWwxtqCIMcqBukiWYEiF5/RQ== Completed in 103ms
1686 http fetch GET 200 https://registry.npmjs.org/concurrently 104ms (cache revalidated)
1687 timing metavuln:packument:concurrently Completed in 104ms
1688 timing metavuln:load:security-advisory:concurrently:OGNA5lR8rR8aeucWHqvJLBV5oaroI/lF2JfG9J2l63dx9uiGUyHuI4ymC6nv+dqWwxtqCIMcqBukiWYEiF5/RQ== Completed in 0ms
1689 timing metavuln:calculate:security-advisory:concurrently:OGNA5lR8rR8aeucWHqvJLBV5oaroI/lF2JfG9J2l63dx9uiGUyHuI4ymC6nv+dqWwxtqCIMcqBukiWYEiF5/RQ== Completed in 105ms
1690 timing reifyNode:node_modules/date-fns Completed in 9286ms
1691 timing reify:unpack Completed in 9329ms
1692 timing reify:unretire Completed in 1ms
1693 timing build:queue Completed in 22ms
1694 timing build:link:node_modules/jest-cli Completed in 6ms
1695 timing build:link:node_modules/@babel/parser Completed in 19ms
1696 timing build:link:node_modules/@babel/helper-compilation-targets/node_modules/semver Completed in 15ms
1697 timing build:link:node_modules/@npmcli/git/node_modules/which Completed in 16ms
1698 timing build:link:node_modules/@istanbuljs/load-nyc-config/node_modules/js-yaml Completed in 16ms
1699 timing build:link:node_modules/@babel/core/node_modules/semver Completed in 16ms
1700 timing build:link:node_modules/@npmcli/run-script/node_modules/which Completed in 15ms
1701 timing build:link:node_modules/babel-plugin-istanbul/node_modules/semver Completed in 15ms
1702 timing build:link:node_modules/@npmcli/promise-spawn/node_modules/which Completed in 16ms
1703 timing build:link:node_modules/eslint-config-airbnb-base/node_modules/semver Completed in 15ms
1704 timing build:link:node_modules/eslint-plugin-import/node_modules/semver Completed in 15ms
1705 timing build:link:node_modules/fastify-cli/node_modules/pino-pretty Completed in 15ms
1706 timing build:link:node_modules/is-expression/node_modules/acorn Completed in 15ms
1707 timing build:link:node_modules/npm-check-updates/node_modules/rimraf Completed in 15ms
1708 timing build:link:node_modules/fastify-objectionjs/node_modules/knex Completed in 15ms
1709 timing build:link:node_modules/js-beautify/node_modules/nopt Completed in 15ms
1710 timing build:link:node_modules/node-gyp/node_modules/nopt Completed in 15ms
1711 timing build:link:node_modules/browserslist Completed in 21ms
1712 timing build:link:node_modules/@fastify/secure-session Completed in 22ms
1713 timing build:link:node_modules/@npmcli/installed-package-contents Completed in 21ms
1714 timing build:link:node_modules/color-support Completed in 21ms
1715 timing build:link:node_modules/acorn Completed in 21ms
1716 timing build:link:node_modules/concurrently Completed in 21ms
1717 timing build:link:node_modules/cssesc Completed in 21ms
1718 timing build:link:node_modules/editorconfig Completed in 22ms
1719 timing build:link:node_modules/envinfo Completed in 22ms
1720 timing build:link:node_modules/create-jest Completed in 22ms
1721 timing build:link:node_modules/eslint Completed in 21ms
1722 timing build:link:node_modules/esprima Completed in 21ms
1723 timing build:link:node_modules/sqlite3/node_modules/node-gyp Completed in 16ms
1724 timing build:link:node_modules/is-ci Completed in 21ms
1725 timing build:link:node_modules/fastify-cli Completed in 21ms
1726 timing build:link:node_modules/glob Completed in 21ms
1727 timing build:link:node_modules/import-local Completed in 21ms
1728 timing build:link:node_modules/generify Completed in 21ms
1729 timing build:link:node_modules/is-docker Completed in 21ms
1730 timing build:link:node_modules/jest Completed in 21ms
1731 timing build:link:node_modules/js-beautify Completed in 21ms
1732 timing build:link:node_modules/jsesc Completed in 20ms
1733 timing build:link:node_modules/js-yaml Completed in 20ms
1734 timing build:link:node_modules/knex Completed in 20ms
1735 timing build:link:node_modules/json5 Completed in 20ms
1736 timing build:link:node_modules/markdown-it Completed in 20ms
1737 timing build:link:node_modules/mime Completed in 20ms
1738 timing build:link:node_modules/mkdirp Completed in 20ms
1739 timing build:link:node_modules/nanoid Completed in 19ms
1740 timing build:link:node_modules/mustache Completed in 20ms
1741 timing build:link:node_modules/node-gyp Completed in 19ms
1742 timing build:link:node_modules/node-gyp-build Completed in 19ms
1743 timing build:link:node_modules/nopt Completed in 19ms
1744 timing build:link:node_modules/pacote Completed in 19ms
1745 timing build:link:node_modules/npm-check-updates Completed in 19ms
1746 timing build:link:node_modules/parse-github-url Completed in 19ms
1747 timing build:link:node_modules/pino-pretty Completed in 18ms
1748 timing build:link:node_modules/pino Completed in 18ms
1749 timing build:link:node_modules/rimraf Completed in 18ms
1750 timing build:link:node_modules/resolve Completed in 18ms
1751 timing build:link:node_modules/prebuild-install Completed in 18ms
1752 timing build:link:node_modules/semver Completed in 18ms
1753 timing build:link:node_modules/rc Completed in 18ms
1754 timing build:link:node_modules/sequelize-cli Completed in 18ms
1755 timing build:link:node_modules/sigstore Completed in 17ms
1756 timing build:link:node_modules/terser Completed in 17ms
1757 timing build:link:node_modules/uuid Completed in 17ms
1758 timing build:link:node_modules/update-browserslist-db Completed in 17ms
1759 timing build:link:node_modules/tree-kill Completed in 17ms
1760 timing build:link:node_modules/webpack Completed in 17ms
1761 timing build:link:node_modules/webpack-cli Completed in 17ms
1762 timing build:link:node_modules/tsconfig-paths/node_modules/json5 Completed in 16ms
1763 timing build:link:node_modules/which Completed in 17ms
1764 timing build:link Completed in 23ms
1765 info run @vscode/sqlite3@5.1.2 install node_modules/@vscode/sqlite3 node-gyp rebuild
1766 info run better-sqlite3@8.7.0 install node_modules/better-sqlite3 prebuild-install || node-gyp rebuild --release
1767 info run sodium-native@4.1.1 install node_modules/sodium-native node-gyp-build
1768 info run sqlite3@5.1.7 install node_modules/sqlite3 prebuild-install -r napi || node-gyp rebuild
1769 http fetch GET 200 https://registry.npmjs.org/fastify-method-override 366ms (cache revalidated)
1770 timing metavuln:packument:fastify-method-override Completed in 367ms
1771 timing metavuln:load:security-advisory:fastify-method-override:OGNA5lR8rR8aeucWHqvJLBV5oaroI/lF2JfG9J2l63dx9uiGUyHuI4ymC6nv+dqWwxtqCIMcqBukiWYEiF5/RQ== Completed in 0ms
1772 timing metavuln:calculate:security-advisory:fastify-method-override:OGNA5lR8rR8aeucWHqvJLBV5oaroI/lF2JfG9J2l63dx9uiGUyHuI4ymC6nv+dqWwxtqCIMcqBukiWYEiF5/RQ== Completed in 367ms
1773 info run sodium-native@4.1.1 install { code: 0, signal: null }
1774 timing build:run:install:node_modules/sodium-native Completed in 62ms
1775 info run better-sqlite3@8.7.0 install { code: 0, signal: null }
1776 timing build:run:install:node_modules/better-sqlite3 Completed in 116ms
1777 info run sqlite3@5.1.7 install { code: 0, signal: null }
1778 timing build:run:install:node_modules/sqlite3 Completed in 107ms
1779 http fetch GET 200 https://registry.npmjs.org/knex 737ms (cache revalidated)
1780 timing metavuln:packument:knex Completed in 740ms
1781 timing metavuln:load:security-advisory:knex:OGNA5lR8rR8aeucWHqvJLBV5oaroI/lF2JfG9J2l63dx9uiGUyHuI4ymC6nv+dqWwxtqCIMcqBukiWYEiF5/RQ== Completed in 0ms
1782 timing metavuln:calculate:security-advisory:knex:OGNA5lR8rR8aeucWHqvJLBV5oaroI/lF2JfG9J2l63dx9uiGUyHuI4ymC6nv+dqWwxtqCIMcqBukiWYEiF5/RQ== Completed in 740ms
1783 timing metavuln:cache:get:security-advisory:jstransformer-markdown-it:QXbZ4xCbTC6gBpBNs7H/EvXk3F9ngURxnQlVqozhkTTei6TWNS+vuhLPZxwRHAMYkAOq4rwyeVSqGY5oqeI7cw== Completed in 2ms
1784 http fetch GET 200 https://registry.npmjs.org/jstransformer-markdown-it 313ms (cache revalidated)
1785 timing metavuln:packument:jstransformer-markdown-it Completed in 313ms
1786 timing metavuln:load:security-advisory:jstransformer-markdown-it:745Vt4mrHCdT8gFHVh7oHROmP4aH4fErXXhbpeVBhtIHmsxTVI7P3rJSdfXZ1iZTBS6GEnTERL4OWUfc4Co9jQ== Completed in 1ms
1787 timing metavuln:calculate:security-advisory:jstransformer-markdown-it:745Vt4mrHCdT8gFHVh7oHROmP4aH4fErXXhbpeVBhtIHmsxTVI7P3rJSdfXZ1iZTBS6GEnTERL4OWUfc4Co9jQ== Completed in 314ms
1788 timing metavuln:cache:get:security-advisory:@jest/core:03W5UBAiciMv+HbF52DVjKaiJDsW8n4o9l0N1bD9irL9aHp0XpkH6yRZbIXa21hJn/+RFQL1MCcLgDa/4eDK4w== Completed in 7ms
1789 timing metavuln:cache:get:security-advisory:jest-config:PG5LJK++mIH2P5/BoeATw87eF+FfSdFbgEqp2CbnYYA8L17aFlVzq09vZtR3BFwoyR+3hWRZY28YfyQmAblGOg== Completed in 6ms
1790 timing metavuln:cache:get:security-advisory:jest-message-util:9e3+mtFMiM85wWr/OL6NNUJH/DnoduwxZZ0/PtDHjHEr2KrplOGkwoZ+9A9Of+V7gemgG4bDnVLxA6nt6hgQOQ== Completed in 6ms
1791 timing metavuln:cache:get:security-advisory:@jest/transform:frAXQpmFOgCLjrxLELwz/nGg5XiK/ZNDWwX3TPmrK4kjdo/GsnOnUL1px5EXlvvS4e0p7qsR8mhVO87fIAkI8w== Completed in 7ms
1792 timing metavuln:cache:get:security-advisory:fast-glob:AbqaRkH/ah2E63AlsHQoSe4rzDu85g3nQo2oOGK8mDPpx8ODN4CyFz62hpRucknVgKWSODuNhHcd4w2oWa9y3w== Completed in 7ms
1793 timing metavuln:cache:get:security-advisory:jest-haste-map:jM3bS1o4htRu+ACRH1gcErU4U2Iaalvaat1pZmyWiirmghW1371hURc/aE7fgn6m9mU4kt8GRZ0gy4wwGUZ7mQ== Completed in 7ms
1794 http fetch GET 200 https://registry.npmjs.org/jest-config 68ms (cache revalidated)
1795 timing metavuln:packument:jest-config Completed in 70ms
1796 timing metavuln:load:security-advisory:jest-config:TlYHmS8BZBwkbsPHbTfH2/e91KJnOnqfC63ZoKdiRy+yt6biPd8BwjBdyfPUht1+ZO675I3Gg00RQPYaWiOm8Q== Completed in 1ms
1797 timing metavuln:calculate:security-advisory:jest-config:TlYHmS8BZBwkbsPHbTfH2/e91KJnOnqfC63ZoKdiRy+yt6biPd8BwjBdyfPUht1+ZO675I3Gg00RQPYaWiOm8Q== Completed in 71ms
1798 http fetch GET 200 https://registry.npmjs.org/jest-message-util 72ms (cache revalidated)
1799 timing metavuln:packument:jest-message-util Completed in 74ms
1800 timing metavuln:load:security-advisory:jest-message-util:TlYHmS8BZBwkbsPHbTfH2/e91KJnOnqfC63ZoKdiRy+yt6biPd8BwjBdyfPUht1+ZO675I3Gg00RQPYaWiOm8Q== Completed in 1ms
1801 timing metavuln:calculate:security-advisory:jest-message-util:TlYHmS8BZBwkbsPHbTfH2/e91KJnOnqfC63ZoKdiRy+yt6biPd8BwjBdyfPUht1+ZO675I3Gg00RQPYaWiOm8Q== Completed in 75ms
1802 http fetch GET 200 https://registry.npmjs.org/fast-glob 75ms (cache revalidated)
1803 timing metavuln:packument:fast-glob Completed in 75ms
1804 timing metavuln:load:security-advisory:fast-glob:TlYHmS8BZBwkbsPHbTfH2/e91KJnOnqfC63ZoKdiRy+yt6biPd8BwjBdyfPUht1+ZO675I3Gg00RQPYaWiOm8Q== Completed in 1ms
1805 timing metavuln:calculate:security-advisory:fast-glob:TlYHmS8BZBwkbsPHbTfH2/e91KJnOnqfC63ZoKdiRy+yt6biPd8BwjBdyfPUht1+ZO675I3Gg00RQPYaWiOm8Q== Completed in 77ms
1806 http fetch GET 200 https://registry.npmjs.org/jest-haste-map 78ms (cache revalidated)
1807 timing metavuln:packument:jest-haste-map Completed in 80ms
1808 timing metavuln:load:security-advisory:jest-haste-map:TlYHmS8BZBwkbsPHbTfH2/e91KJnOnqfC63ZoKdiRy+yt6biPd8BwjBdyfPUht1+ZO675I3Gg00RQPYaWiOm8Q== Completed in 0ms
1809 timing metavuln:calculate:security-advisory:jest-haste-map:TlYHmS8BZBwkbsPHbTfH2/e91KJnOnqfC63ZoKdiRy+yt6biPd8BwjBdyfPUht1+ZO675I3Gg00RQPYaWiOm8Q== Completed in 81ms
1810 http fetch GET 200 https://registry.npmjs.org/@jest%2fcore 91ms (cache revalidated)
1811 timing metavuln:packument:@jest/core Completed in 92ms
1812 timing metavuln:load:security-advisory:@jest/core:TlYHmS8BZBwkbsPHbTfH2/e91KJnOnqfC63ZoKdiRy+yt6biPd8BwjBdyfPUht1+ZO675I3Gg00RQPYaWiOm8Q== Completed in 0ms
1813 timing metavuln:calculate:security-advisory:@jest/core:TlYHmS8BZBwkbsPHbTfH2/e91KJnOnqfC63ZoKdiRy+yt6biPd8BwjBdyfPUht1+ZO675I3Gg00RQPYaWiOm8Q== Completed in 92ms
1814 http fetch GET 200 https://registry.npmjs.org/@jest%2ftransform 167ms (cache revalidated)
1815 timing metavuln:packument:@jest/transform Completed in 168ms
1816 timing metavuln:load:security-advisory:@jest/transform:TlYHmS8BZBwkbsPHbTfH2/e91KJnOnqfC63ZoKdiRy+yt6biPd8BwjBdyfPUht1+ZO675I3Gg00RQPYaWiOm8Q== Completed in 0ms
1817 timing metavuln:calculate:security-advisory:@jest/transform:TlYHmS8BZBwkbsPHbTfH2/e91KJnOnqfC63ZoKdiRy+yt6biPd8BwjBdyfPUht1+ZO675I3Gg00RQPYaWiOm8Q== Completed in 168ms
1818 timing metavuln:cache:get:security-advisory:postcss:tmHYDPE1UVxPaRKZT9ru10S2PG7HaFVF7Z4GmgB6cUo+mRoTCphDiou0e19GAujSzXwfRWgbN5N8PHmsKOoxPA== Completed in 2ms
1819 http fetch GET 200 https://registry.npmjs.org/postcss 221ms (cache updated)
1820 timing metavuln:packument:postcss Completed in 224ms
1821 timing metavuln:load:security-advisory:postcss:SvMVdtEUVO5ESues2DL9aEFMy6oMG+saOn/tNitKJcx7q7CvMfC5ZcstpC8dbnZl5KL/q/3pYBvQrAPBFsC+nQ== Completed in 0ms
1822 timing metavuln:cache:put:security-advisory:postcss:tmHYDPE1UVxPaRKZT9ru10S2PG7HaFVF7Z4GmgB6cUo+mRoTCphDiou0e19GAujSzXwfRWgbN5N8PHmsKOoxPA== Completed in 2ms
1823 timing metavuln:calculate:security-advisory:postcss:SvMVdtEUVO5ESues2DL9aEFMy6oMG+saOn/tNitKJcx7q7CvMfC5ZcstpC8dbnZl5KL/q/3pYBvQrAPBFsC+nQ== Completed in 227ms
1824 timing metavuln:cache:get:security-advisory:fastify-reverse-routes:E14+sZiQmNHMZ8DBhBeAvQL9a79kH5VraBSPDUqz5BJQ9sR1+a7NBZxGmZfAePmakPx+9euK8Dee7Ub1dqaKYA== Completed in 1ms
1825 timing metavuln:cache:get:security-advisory:fastify-method-override:ZDPGuMazvs7qKrue/+ZVigiFmeut/y23hQFlb/kCvBjOt63fLVBVFAAWAmB/N3sEQF7bxjwt50HiQTTJGyEpvQ== Completed in 3ms
1826 timing metavuln:load:security-advisory:fastify-method-override:TmkHz1g6xKc2pnDD1h6+ZDKMikxz0M1BBY/wyR9ER8446AKOUk6gXjoSR2douZ5enAllzNSKaynTW1H+LBi1CA== Completed in 0ms
1827 timing metavuln:calculate:security-advisory:fastify-method-override:TmkHz1g6xKc2pnDD1h6+ZDKMikxz0M1BBY/wyR9ER8446AKOUk6gXjoSR2douZ5enAllzNSKaynTW1H+LBi1CA== Completed in 3ms
1828 http fetch GET 200 https://registry.npmjs.org/fastify-reverse-routes 296ms (cache revalidated)
1829 timing metavuln:packument:fastify-reverse-routes Completed in 296ms
1830 timing metavuln:load:security-advisory:fastify-reverse-routes:TmkHz1g6xKc2pnDD1h6+ZDKMikxz0M1BBY/wyR9ER8446AKOUk6gXjoSR2douZ5enAllzNSKaynTW1H+LBi1CA== Completed in 0ms
1831 timing metavuln:calculate:security-advisory:fastify-reverse-routes:TmkHz1g6xKc2pnDD1h6+ZDKMikxz0M1BBY/wyR9ER8446AKOUk6gXjoSR2douZ5enAllzNSKaynTW1H+LBi1CA== Completed in 297ms
1832 timing metavuln:cache:get:security-advisory:pug:Bod8uHjOpAFcodGsdvWZubJRAED6zypMgl3ly6hCbBJ4kIFKsF2l0fd9HBsYkM1DJmjCj+BxWBZMHfDPYyrFRQ== Completed in 1ms
1833 timing metavuln:load:security-advisory:pug:jYtA+ua4XfswkuObBtnwWn2fYvQUK4ca+Iv1+bqgs4mXRLiX4zUdwwNSawL0T4CvKtEq8q6TFgvFydQ8OKg+/Q== Completed in 0ms
1834 timing metavuln:calculate:security-advisory:pug:jYtA+ua4XfswkuObBtnwWn2fYvQUK4ca+Iv1+bqgs4mXRLiX4zUdwwNSawL0T4CvKtEq8q6TFgvFydQ8OKg+/Q== Completed in 1ms
1835 timing metavuln:cache:get:security-advisory:terser-webpack-plugin:329sgNMopuugPFiEvSVitHHehdTr5nHB47XwDe3JfAo+J6Nc9SQhgI2F9XPbnv2SVTzEoWYsaJ8lBj3HmQYXeg== Completed in 0ms
1836 http fetch GET 200 https://registry.npmjs.org/terser-webpack-plugin 96ms (cache updated)
1837 timing metavuln:packument:terser-webpack-plugin Completed in 98ms
1838 timing metavuln:load:security-advisory:terser-webpack-plugin:VNhzhjSQJJPSfVWQUXMpEy6hsW23faurQllLlGbSJ7QrUHjncb9PKDTQYw8APRVBzMug+7YJc5EWXV6SYvPIiw== Completed in 1ms
1839 timing metavuln:cache:put:security-advisory:terser-webpack-plugin:329sgNMopuugPFiEvSVitHHehdTr5nHB47XwDe3JfAo+J6Nc9SQhgI2F9XPbnv2SVTzEoWYsaJ8lBj3HmQYXeg== Completed in 3ms
1840 timing metavuln:calculate:security-advisory:terser-webpack-plugin:VNhzhjSQJJPSfVWQUXMpEy6hsW23faurQllLlGbSJ7QrUHjncb9PKDTQYw8APRVBzMug+7YJc5EWXV6SYvPIiw== Completed in 102ms
1841 timing metavuln:cache:get:security-advisory:pacote:pIDszVhdWZJLAyH0roBs20FumCGQNgbLQraIf94rib1iQhBA8Q5IJSc87Tf7rY5vempQl8o/cCwMJ97hW69LQg== Completed in 3ms
1842 timing metavuln:cache:get:security-advisory:node-gyp:cR9SjysnJiH/OQhtlJ+1YckNbTCX3ySzBDchhlWta522Iv7zXkOEHOdjXbE+dBYpFMIe8wf5F+K+zgyax1eQ1g== Completed in 3ms
1843 timing metavuln:cache:get:security-advisory:cacache:INKTKnu8s8GPrrEWizpRiLUFlthVc1ITCEYCSENPEaXlKpqlzp7yy5PYdXfMmBWJfFm3FXjzrxJEvgRxISM++w== Completed in 3ms
1844 timing metavuln:load:security-advisory:cacache:a2Rq633Fb450KrL5I+PBBip9RehJ6FtWDjNsehiUQQhfKxytiNr8LSDlXjQgxefFIJVCdcIimTEzMjwUrv3mRQ== Completed in 2ms
1845 timing metavuln:cache:get:security-advisory:sqlite3:OPbYkOgv3kiAgUeV6o+cDpTcovJLV9HXXtzPkk1A2Za7IYu6JIqc6W78qCr7Y3ruOkMW7rgTi79TAqSXA+9zIw== Completed in 4ms
1846 timing metavuln:cache:put:security-advisory:cacache:INKTKnu8s8GPrrEWizpRiLUFlthVc1ITCEYCSENPEaXlKpqlzp7yy5PYdXfMmBWJfFm3FXjzrxJEvgRxISM++w== Completed in 4ms
1847 timing metavuln:calculate:security-advisory:cacache:a2Rq633Fb450KrL5I+PBBip9RehJ6FtWDjNsehiUQQhfKxytiNr8LSDlXjQgxefFIJVCdcIimTEzMjwUrv3mRQ== Completed in 9ms
1848 http fetch GET 200 https://registry.npmjs.org/pacote 80ms (cache revalidated)
1849 timing metavuln:packument:pacote Completed in 82ms
1850 timing metavuln:load:security-advisory:pacote:a2Rq633Fb450KrL5I+PBBip9RehJ6FtWDjNsehiUQQhfKxytiNr8LSDlXjQgxefFIJVCdcIimTEzMjwUrv3mRQ== Completed in 7ms
1851 timing metavuln:cache:put:security-advisory:pacote:pIDszVhdWZJLAyH0roBs20FumCGQNgbLQraIf94rib1iQhBA8Q5IJSc87Tf7rY5vempQl8o/cCwMJ97hW69LQg== Completed in 1ms
1852 timing metavuln:calculate:security-advisory:pacote:a2Rq633Fb450KrL5I+PBBip9RehJ6FtWDjNsehiUQQhfKxytiNr8LSDlXjQgxefFIJVCdcIimTEzMjwUrv3mRQ== Completed in 90ms
1853 http fetch GET 200 https://registry.npmjs.org/node-gyp 93ms (cache revalidated)
1854 timing metavuln:packument:node-gyp Completed in 94ms
1855 timing metavuln:load:security-advisory:node-gyp:a2Rq633Fb450KrL5I+PBBip9RehJ6FtWDjNsehiUQQhfKxytiNr8LSDlXjQgxefFIJVCdcIimTEzMjwUrv3mRQ== Completed in 3ms
1856 http fetch GET 200 https://registry.npmjs.org/sqlite3 98ms (cache revalidated)
1857 timing metavuln:packument:sqlite3 Completed in 98ms
1858 timing metavuln:load:security-advisory:sqlite3:a2Rq633Fb450KrL5I+PBBip9RehJ6FtWDjNsehiUQQhfKxytiNr8LSDlXjQgxefFIJVCdcIimTEzMjwUrv3mRQ== Completed in 1ms
1859 timing metavuln:cache:put:security-advisory:node-gyp:cR9SjysnJiH/OQhtlJ+1YckNbTCX3ySzBDchhlWta522Iv7zXkOEHOdjXbE+dBYpFMIe8wf5F+K+zgyax1eQ1g== Completed in 3ms
1860 timing metavuln:calculate:security-advisory:node-gyp:a2Rq633Fb450KrL5I+PBBip9RehJ6FtWDjNsehiUQQhfKxytiNr8LSDlXjQgxefFIJVCdcIimTEzMjwUrv3mRQ== Completed in 100ms
1861 timing metavuln:cache:put:security-advisory:sqlite3:OPbYkOgv3kiAgUeV6o+cDpTcovJLV9HXXtzPkk1A2Za7IYu6JIqc6W78qCr7Y3ruOkMW7rgTi79TAqSXA+9zIw== Completed in 1ms
1862 timing metavuln:calculate:security-advisory:sqlite3:a2Rq633Fb450KrL5I+PBBip9RehJ6FtWDjNsehiUQQhfKxytiNr8LSDlXjQgxefFIJVCdcIimTEzMjwUrv3mRQ== Completed in 101ms
1863 timing metavuln:cache:get:security-advisory:prebuild-install:jRqqdHWbOREw15H5SdurWE62CscvPSSYzDYeqtuoOjAS5T4a/EWVlt/5yu0vDTLEYuFXij3+w7qsCx2Gdyt/0A== Completed in 1ms
1864 http fetch GET 200 https://registry.npmjs.org/prebuild-install 60ms (cache revalidated)
1865 timing metavuln:packument:prebuild-install Completed in 61ms
1866 timing metavuln:load:security-advisory:prebuild-install:cvuUIK3mvYU/u7TShVqDjuuoWy7Jgl2iyysqZzndeGLLwvbCDiePQ/rot9wwSNqpYc8yRaszF/7dU1Uelp1dUw== Completed in 0ms
1867 timing metavuln:cache:put:security-advisory:prebuild-install:jRqqdHWbOREw15H5SdurWE62CscvPSSYzDYeqtuoOjAS5T4a/EWVlt/5yu0vDTLEYuFXij3+w7qsCx2Gdyt/0A== Completed in 2ms
1868 timing metavuln:calculate:security-advisory:prebuild-install:cvuUIK3mvYU/u7TShVqDjuuoWy7Jgl2iyysqZzndeGLLwvbCDiePQ/rot9wwSNqpYc8yRaszF/7dU1Uelp1dUw== Completed in 63ms
1869 timing metavuln:cache:get:security-advisory:sequelize:WP/J+bn63vzyhlFPu4gR5kILxEgdoa3SkHTx4OxjNEQkXzXPPFWVnAe7UrJ7qQH9YqkETnZXjCoBObFPCIcNYg== Completed in 2ms
1870 timing metavuln:load:security-advisory:sequelize:IkyJOqfhkev0E9tRX4zbgkqtsxJX67cd4upO2f1EheDpncnx522qyf9oLyXwjDcWGeZOQHSqJUAh/kUyYH60qQ== Completed in 8ms
1871 timing metavuln:cache:put:security-advisory:sequelize:WP/J+bn63vzyhlFPu4gR5kILxEgdoa3SkHTx4OxjNEQkXzXPPFWVnAe7UrJ7qQH9YqkETnZXjCoBObFPCIcNYg== Completed in 2ms
1872 timing metavuln:calculate:security-advisory:sequelize:IkyJOqfhkev0E9tRX4zbgkqtsxJX67cd4upO2f1EheDpncnx522qyf9oLyXwjDcWGeZOQHSqJUAh/kUyYH60qQ== Completed in 12ms
1873 timing metavuln:cache:get:security-advisory:@webpack-cli/info:4Ds6078ZextuCWT6jXrsLa2Pd6hu32g4nY8H0+T8m+aNKVhEB+52Q1eUKB1D7t/Yrw589oA8B9wCx3mYH5Czxg== Completed in 6ms
1874 timing metavuln:cache:get:security-advisory:@webpack-cli/serve:P+MTiTWti/cexrtrDQJD8+RBcrtMy6Jp7vN92Es/wHBog8SMX86eBjTDijQuCnC+gyaCX0FrEqKPYrcWHqsQUA== Completed in 6ms
1875 timing metavuln:cache:get:security-advisory:mini-css-extract-plugin:G55y4j6io8Q0QytwZFEND0SCeOlZDD4Vj1H2U/A+S3fJbvRCbCyz3KTSkkMgsfR41LScHaNAhK7X/sWIKBGcAw== Completed in 5ms
1876 timing metavuln:cache:get:security-advisory:@webpack-cli/configtest:b4m8NuooYTIA52NRofpykXKsNJXhI/hZokfJmZK3eMyZ91+Gy7N4DTPkKnSOjHMTDNtz3tKcpUaQlXgYolFajw== Completed in 7ms
1877 timing metavuln:cache:get:security-advisory:terser-webpack-plugin:OYMC0geGD8QKOno0urEqU4CzSfBbjPVdXorYRugje09dSj0v95b22iyrJDHHzhuhDvgdM+pkY+8LIQ1bjQveVw== Completed in 5ms
1878 timing metavuln:load:security-advisory:terser-webpack-plugin:IzHFkMfHDC+SV3IL23ZHngntgLDUgyESA9Ge8Mh5rKNVcDpaWLuTZIcoUJg4/bAH+BQlnDzJ4nLfJCy6fOIM0A== Completed in 3ms
1879 timing metavuln:cache:get:security-advisory:webpack-cli:NppzCdkvi81KMTMlBTFbaCoFY8gtVck+ljspUq01iJFvWJ0Elli7ukXQBmz7c1UtSEy7ZuJxrJ2UZIkY/mZfhg== Completed in 8ms
1880 timing metavuln:load:security-advisory:webpack-cli:IzHFkMfHDC+SV3IL23ZHngntgLDUgyESA9Ge8Mh5rKNVcDpaWLuTZIcoUJg4/bAH+BQlnDzJ4nLfJCy6fOIM0A== Completed in 10ms
1881 timing metavuln:cache:get:security-advisory:style-loader://zsLE/rNXdfMckNmpQNmCoWkrP2Nf7A28LGm4q43CiVrFNuxtrmx0tN+1t0mRm8jyGzzBYXQ9oXn2Zl71qHDA== Completed in 18ms
1882 timing metavuln:cache:get:security-advisory:css-loader:Ow76q8hhhU3MvyLxgnm1y/zYo7Fm99dr11gKzfApuH8ncvHl4guATrwKI/IqfjYipYNSdQJKvS0ecZLpxoiVmQ== Completed in 20ms
1883 timing metavuln:cache:put:security-advisory:webpack-cli:NppzCdkvi81KMTMlBTFbaCoFY8gtVck+ljspUq01iJFvWJ0Elli7ukXQBmz7c1UtSEy7ZuJxrJ2UZIkY/mZfhg== Completed in 7ms
1884 timing metavuln:calculate:security-advisory:webpack-cli:IzHFkMfHDC+SV3IL23ZHngntgLDUgyESA9Ge8Mh5rKNVcDpaWLuTZIcoUJg4/bAH+BQlnDzJ4nLfJCy6fOIM0A== Completed in 25ms
1885 timing metavuln:cache:put:security-advisory:terser-webpack-plugin:OYMC0geGD8QKOno0urEqU4CzSfBbjPVdXorYRugje09dSj0v95b22iyrJDHHzhuhDvgdM+pkY+8LIQ1bjQveVw== Completed in 17ms
1886 timing metavuln:calculate:security-advisory:terser-webpack-plugin:IzHFkMfHDC+SV3IL23ZHngntgLDUgyESA9Ge8Mh5rKNVcDpaWLuTZIcoUJg4/bAH+BQlnDzJ4nLfJCy6fOIM0A== Completed in 25ms
1887 http fetch GET 200 https://registry.npmjs.org/css-loader 83ms (cache revalidated)
1888 timing metavuln:packument:css-loader Completed in 85ms
1889 timing metavuln:load:security-advisory:css-loader:IzHFkMfHDC+SV3IL23ZHngntgLDUgyESA9Ge8Mh5rKNVcDpaWLuTZIcoUJg4/bAH+BQlnDzJ4nLfJCy6fOIM0A== Completed in 4ms
1890 http fetch GET 200 https://registry.npmjs.org/style-loader 91ms (cache revalidated)
1891 timing metavuln:packument:style-loader Completed in 92ms
1892 timing metavuln:load:security-advisory:style-loader:IzHFkMfHDC+SV3IL23ZHngntgLDUgyESA9Ge8Mh5rKNVcDpaWLuTZIcoUJg4/bAH+BQlnDzJ4nLfJCy6fOIM0A== Completed in 0ms
1893 timing metavuln:cache:put:security-advisory:css-loader:Ow76q8hhhU3MvyLxgnm1y/zYo7Fm99dr11gKzfApuH8ncvHl4guATrwKI/IqfjYipYNSdQJKvS0ecZLpxoiVmQ== Completed in 4ms
1894 timing metavuln:calculate:security-advisory:css-loader:IzHFkMfHDC+SV3IL23ZHngntgLDUgyESA9Ge8Mh5rKNVcDpaWLuTZIcoUJg4/bAH+BQlnDzJ4nLfJCy6fOIM0A== Completed in 94ms
1895 timing metavuln:cache:put:security-advisory:style-loader://zsLE/rNXdfMckNmpQNmCoWkrP2Nf7A28LGm4q43CiVrFNuxtrmx0tN+1t0mRm8jyGzzBYXQ9oXn2Zl71qHDA== Completed in 2ms
1896 timing metavuln:calculate:security-advisory:style-loader:IzHFkMfHDC+SV3IL23ZHngntgLDUgyESA9Ge8Mh5rKNVcDpaWLuTZIcoUJg4/bAH+BQlnDzJ4nLfJCy6fOIM0A== Completed in 94ms
1897 http fetch GET 200 https://registry.npmjs.org/@webpack-cli%2fserve 104ms (cache updated)
1898 timing metavuln:packument:@webpack-cli/serve Completed in 104ms
1899 timing metavuln:load:security-advisory:@webpack-cli/serve:IzHFkMfHDC+SV3IL23ZHngntgLDUgyESA9Ge8Mh5rKNVcDpaWLuTZIcoUJg4/bAH+BQlnDzJ4nLfJCy6fOIM0A== Completed in 0ms
1900 http fetch GET 200 https://registry.npmjs.org/mini-css-extract-plugin 104ms (cache revalidated)
1901 timing metavuln:packument:mini-css-extract-plugin Completed in 105ms
1902 timing metavuln:load:security-advisory:mini-css-extract-plugin:IzHFkMfHDC+SV3IL23ZHngntgLDUgyESA9Ge8Mh5rKNVcDpaWLuTZIcoUJg4/bAH+BQlnDzJ4nLfJCy6fOIM0A== Completed in 2ms
1903 timing metavuln:cache:put:security-advisory:@webpack-cli/serve:P+MTiTWti/cexrtrDQJD8+RBcrtMy6Jp7vN92Es/wHBog8SMX86eBjTDijQuCnC+gyaCX0FrEqKPYrcWHqsQUA== Completed in 6ms
1904 timing metavuln:calculate:security-advisory:@webpack-cli/serve:IzHFkMfHDC+SV3IL23ZHngntgLDUgyESA9Ge8Mh5rKNVcDpaWLuTZIcoUJg4/bAH+BQlnDzJ4nLfJCy6fOIM0A== Completed in 110ms
1905 timing metavuln:cache:put:security-advisory:mini-css-extract-plugin:G55y4j6io8Q0QytwZFEND0SCeOlZDD4Vj1H2U/A+S3fJbvRCbCyz3KTSkkMgsfR41LScHaNAhK7X/sWIKBGcAw== Completed in 2ms
1906 timing metavuln:calculate:security-advisory:mini-css-extract-plugin:IzHFkMfHDC+SV3IL23ZHngntgLDUgyESA9Ge8Mh5rKNVcDpaWLuTZIcoUJg4/bAH+BQlnDzJ4nLfJCy6fOIM0A== Completed in 110ms
1907 http fetch GET 200 https://registry.npmjs.org/@webpack-cli%2fconfigtest 407ms (cache updated)
1908 timing metavuln:packument:@webpack-cli/configtest Completed in 407ms
1909 timing metavuln:load:security-advisory:@webpack-cli/configtest:IzHFkMfHDC+SV3IL23ZHngntgLDUgyESA9Ge8Mh5rKNVcDpaWLuTZIcoUJg4/bAH+BQlnDzJ4nLfJCy6fOIM0A== Completed in 1ms
1910 timing metavuln:cache:put:security-advisory:@webpack-cli/configtest:b4m8NuooYTIA52NRofpykXKsNJXhI/hZokfJmZK3eMyZ91+Gy7N4DTPkKnSOjHMTDNtz3tKcpUaQlXgYolFajw== Completed in 1ms
1911 timing metavuln:calculate:security-advisory:@webpack-cli/configtest:IzHFkMfHDC+SV3IL23ZHngntgLDUgyESA9Ge8Mh5rKNVcDpaWLuTZIcoUJg4/bAH+BQlnDzJ4nLfJCy6fOIM0A== Completed in 410ms
1912 http fetch GET 200 https://registry.npmjs.org/@webpack-cli%2finfo 602ms (cache updated)
1913 timing metavuln:packument:@webpack-cli/info Completed in 603ms
1914 timing metavuln:load:security-advisory:@webpack-cli/info:IzHFkMfHDC+SV3IL23ZHngntgLDUgyESA9Ge8Mh5rKNVcDpaWLuTZIcoUJg4/bAH+BQlnDzJ4nLfJCy6fOIM0A== Completed in 0ms
1915 timing metavuln:cache:put:security-advisory:@webpack-cli/info:4Ds6078ZextuCWT6jXrsLa2Pd6hu32g4nY8H0+T8m+aNKVhEB+52Q1eUKB1D7t/Yrw589oA8B9wCx3mYH5Czxg== Completed in 1ms
1916 timing metavuln:calculate:security-advisory:@webpack-cli/info:IzHFkMfHDC+SV3IL23ZHngntgLDUgyESA9Ge8Mh5rKNVcDpaWLuTZIcoUJg4/bAH+BQlnDzJ4nLfJCy6fOIM0A== Completed in 605ms
1917 timing metavuln:cache:get:security-advisory:make-fetch-happen:JS1eDAsaQnkSC/rAJ1kHDn4UjWqf1f7567HyV/oKSVvssuR/kR60hXTseVc1ROXD8kOdIPeD9ut6fRzIhPTZuw== Completed in 0ms
1918 http fetch GET 200 https://registry.npmjs.org/make-fetch-happen 71ms (cache revalidated)
1919 timing metavuln:packument:make-fetch-happen Completed in 72ms
1920 timing metavuln:load:security-advisory:make-fetch-happen:yWh+WsUCdzVUoHJ+ukHX3VBWHgc+bzFCiNYaEHuuvW29uVMpISqXUxRqbG/B55MQ8eiu9zSwUnABxh5qJf1U0w== Completed in 1ms
1921 timing metavuln:cache:put:security-advisory:make-fetch-happen:JS1eDAsaQnkSC/rAJ1kHDn4UjWqf1f7567HyV/oKSVvssuR/kR60hXTseVc1ROXD8kOdIPeD9ut6fRzIhPTZuw== Completed in 2ms
1922 timing metavuln:calculate:security-advisory:make-fetch-happen:yWh+WsUCdzVUoHJ+ukHX3VBWHgc+bzFCiNYaEHuuvW29uVMpISqXUxRqbG/B55MQ8eiu9zSwUnABxh5qJf1U0w== Completed in 75ms
1923 timing metavuln:cache:get:security-advisory:js-beautify:mVGwaR1hJpSySFGv5ENPLe2MXyLsuhCYccBRXwHzfIZ1FRuXcQpYf7sIInN7YhD/b7MqhQlEML2TlWJFU2xw9w== Completed in 2ms
1924 timing metavuln:load:security-advisory:js-beautify:/pief47seGDBHnUOHcdf4vh8S5av/gmYGMH6T5uy3DhJchX5AykoNsEcl2U0K2kYnXDy3Q1HW14AEdN7s+Mmhw== Completed in 1ms
1925 timing metavuln:cache:put:security-advisory:js-beautify:mVGwaR1hJpSySFGv5ENPLe2MXyLsuhCYccBRXwHzfIZ1FRuXcQpYf7sIInN7YhD/b7MqhQlEML2TlWJFU2xw9w== Completed in 3ms
1926 timing metavuln:calculate:security-advisory:js-beautify:/pief47seGDBHnUOHcdf4vh8S5av/gmYGMH6T5uy3DhJchX5AykoNsEcl2U0K2kYnXDy3Q1HW14AEdN7s+Mmhw== Completed in 6ms
1927 timing metavuln:cache:get:security-advisory:fastify:lycCXiLX7WYkPGWyOZfK/x2MyEabGa58Yp0NN6fq6Yb6R/bh9aYOAn3zOTXTfsMH3UEP1cjjw4Kj5YdQJT91Fg== Completed in 2ms
1928 timing metavuln:load:security-advisory:fastify:UfYeYMGFnlVOh6z1dqFizSqjGi7YyyQMRc3JQ1VnZ/OBVx1zGC6e+b6mEKG/IaRMMtjP5WJ2749QJ6iB38mozA== Completed in 1ms
1929 timing metavuln:cache:put:security-advisory:fastify:lycCXiLX7WYkPGWyOZfK/x2MyEabGa58Yp0NN6fq6Yb6R/bh9aYOAn3zOTXTfsMH3UEP1cjjw4Kj5YdQJT91Fg== Completed in 3ms
1930 timing metavuln:calculate:security-advisory:fastify:UfYeYMGFnlVOh6z1dqFizSqjGi7YyyQMRc3JQ1VnZ/OBVx1zGC6e+b6mEKG/IaRMMtjP5WJ2749QJ6iB38mozA== Completed in 6ms
1931 timing metavuln:cache:get:security-advisory:fastify-error-page:jFLobgupm1ygdOxTlUvCIArNYaFGGKBaaLAoJ8OKqbKNtBGSdJkKNTpzczRFYEIoK/2FzNs3+s9I4+12F+M70A== Completed in 2ms
1932 http fetch GET 200 https://registry.npmjs.org/fastify-error-page 387ms (cache revalidated)
1933 timing metavuln:packument:fastify-error-page Completed in 387ms
1934 timing metavuln:load:security-advisory:fastify-error-page:GCj7wAVwXmpdpHsZ3FBltk4ddq703nJZceXkq77o3f+gaNLubEhWMdGOuTbsQUIPAj4PXvzoyIJlnaLab4wWyA== Completed in 0ms
1935 timing metavuln:calculate:security-advisory:fastify-error-page:GCj7wAVwXmpdpHsZ3FBltk4ddq703nJZceXkq77o3f+gaNLubEhWMdGOuTbsQUIPAj4PXvzoyIJlnaLab4wWyA== Completed in 387ms
1936 timing metavuln:cache:get:security-advisory:socks-proxy-agent:O35lPVDdakgt3PlMJ9Zvn535r+Rq41+Bl/9fFt/aDDpWq0oHeg7o+DHqp/GCXtD2sFx/QS2MkwRqg1u8nOKHkQ== Completed in 2ms
1937 http fetch GET 200 https://registry.npmjs.org/socks-proxy-agent 328ms (cache revalidated)
1938 timing metavuln:packument:socks-proxy-agent Completed in 329ms
1939 timing metavuln:load:security-advisory:socks-proxy-agent:re7e5WgYC0N2yCcyKEpIVOef1b0RSDx7Y0SpqokON2S0og4NBc+basQ12t25Rom7giF5cYm2S3iMuCSJlhszhQ== Completed in 0ms
1940 timing metavuln:calculate:security-advisory:socks-proxy-agent:re7e5WgYC0N2yCcyKEpIVOef1b0RSDx7Y0SpqokON2S0og4NBc+basQ12t25Rom7giF5cYm2S3iMuCSJlhszhQ== Completed in 329ms
1941 timing metavuln:cache:get:security-advisory:webpack:JftYdshFur//E5T4X92eMr+3ntXPZDJ+GCIeFNjvSdMva59Eynz8k2kYRNBgeLJzm3dzvTSVXqU5Xweef/OxdQ== Completed in 0ms
1942 timing metavuln:load:security-advisory:webpack:329sgNMopuugPFiEvSVitHHehdTr5nHB47XwDe3JfAo+J6Nc9SQhgI2F9XPbnv2SVTzEoWYsaJ8lBj3HmQYXeg== Completed in 11ms
1943 timing metavuln:cache:put:security-advisory:webpack:JftYdshFur//E5T4X92eMr+3ntXPZDJ+GCIeFNjvSdMva59Eynz8k2kYRNBgeLJzm3dzvTSVXqU5Xweef/OxdQ== Completed in 3ms
1944 timing metavuln:calculate:security-advisory:webpack:329sgNMopuugPFiEvSVitHHehdTr5nHB47XwDe3JfAo+J6Nc9SQhgI2F9XPbnv2SVTzEoWYsaJ8lBj3HmQYXeg== Completed in 14ms
1945 timing metavuln:cache:get:security-advisory:pacote:n9VnII7y9ZW1GT1gVj62cE9xjkv3aX/VqWIjwlAA8KHp1hEYutmyoLipnyWHRE1TuvCW/R4n2igf9cx6gM34Hg== Completed in 2ms
1946 timing metavuln:load:security-advisory:pacote:INKTKnu8s8GPrrEWizpRiLUFlthVc1ITCEYCSENPEaXlKpqlzp7yy5PYdXfMmBWJfFm3FXjzrxJEvgRxISM++w== Completed in 4ms
1947 timing metavuln:cache:get:security-advisory:make-fetch-happen:q03SNaXFmpntHTdFKVqWa4IIRjlaJ2qE1WvcW9MwQLzbnz64mRzxsDqW2TXCLt2TtlAnx7BMCbNaw6LnUvJUIw== Completed in 6ms
1948 timing metavuln:load:security-advisory:make-fetch-happen:INKTKnu8s8GPrrEWizpRiLUFlthVc1ITCEYCSENPEaXlKpqlzp7yy5PYdXfMmBWJfFm3FXjzrxJEvgRxISM++w== Completed in 2ms
1949 timing metavuln:cache:put:security-advisory:pacote:n9VnII7y9ZW1GT1gVj62cE9xjkv3aX/VqWIjwlAA8KHp1hEYutmyoLipnyWHRE1TuvCW/R4n2igf9cx6gM34Hg== Completed in 5ms
1950 timing metavuln:calculate:security-advisory:pacote:INKTKnu8s8GPrrEWizpRiLUFlthVc1ITCEYCSENPEaXlKpqlzp7yy5PYdXfMmBWJfFm3FXjzrxJEvgRxISM++w== Completed in 11ms
1951 timing metavuln:cache:put:security-advisory:make-fetch-happen:q03SNaXFmpntHTdFKVqWa4IIRjlaJ2qE1WvcW9MwQLzbnz64mRzxsDqW2TXCLt2TtlAnx7BMCbNaw6LnUvJUIw== Completed in 3ms
1952 timing metavuln:calculate:security-advisory:make-fetch-happen:INKTKnu8s8GPrrEWizpRiLUFlthVc1ITCEYCSENPEaXlKpqlzp7yy5PYdXfMmBWJfFm3FXjzrxJEvgRxISM++w== Completed in 11ms
1953 timing metavuln:cache:get:security-advisory:npm-check-updates:imQSHLU5O6iCGAV1i1QUPts6IZ8eYTAwWb7O2m0B35SwTp13OTH6x7KEjo3Dm8Y45hhf7sK6lRhEAW6SLvHOYA== Completed in 2ms
1954 timing metavuln:load:security-advisory:npm-check-updates:pIDszVhdWZJLAyH0roBs20FumCGQNgbLQraIf94rib1iQhBA8Q5IJSc87Tf7rY5vempQl8o/cCwMJ97hW69LQg== Completed in 13ms
1955 timing metavuln:cache:put:security-advisory:npm-check-updates:imQSHLU5O6iCGAV1i1QUPts6IZ8eYTAwWb7O2m0B35SwTp13OTH6x7KEjo3Dm8Y45hhf7sK6lRhEAW6SLvHOYA== Completed in 2ms
1956 timing metavuln:calculate:security-advisory:npm-check-updates:pIDszVhdWZJLAyH0roBs20FumCGQNgbLQraIf94rib1iQhBA8Q5IJSc87Tf7rY5vempQl8o/cCwMJ97hW69LQg== Completed in 17ms
1957 timing metavuln:cache:get:security-advisory:sqlite3:vdVXejV53HZzOAyoMVXlKAKKwzFHMK2tRfC3n8i+hDwPoqfgOtO7PAao0FwkJ6zScKK5EyOSfaeY6FBrwTHm0g== Completed in 1ms
1958 timing metavuln:load:security-advisory:sqlite3:cR9SjysnJiH/OQhtlJ+1YckNbTCX3ySzBDchhlWta522Iv7zXkOEHOdjXbE+dBYpFMIe8wf5F+K+zgyax1eQ1g== Completed in 1ms
1959 timing metavuln:cache:get:security-advisory:@npmcli/run-script:Ph19ANTw8UeRByC7cB2yhh7VriCWq4BfUKkNP1f3OCB+lsGAurZ+pTe6BDoc1MP1py2VC9SrK/4xsW6INTBWHg== Completed in 4ms
1960 timing metavuln:cache:put:security-advisory:sqlite3:vdVXejV53HZzOAyoMVXlKAKKwzFHMK2tRfC3n8i+hDwPoqfgOtO7PAao0FwkJ6zScKK5EyOSfaeY6FBrwTHm0g== Completed in 3ms
1961 timing metavuln:calculate:security-advisory:sqlite3:cR9SjysnJiH/OQhtlJ+1YckNbTCX3ySzBDchhlWta522Iv7zXkOEHOdjXbE+dBYpFMIe8wf5F+K+zgyax1eQ1g== Completed in 5ms
1962 http fetch GET 200 https://registry.npmjs.org/@npmcli%2frun-script 75ms (cache updated)
1963 timing metavuln:packument:@npmcli/run-script Completed in 76ms
1964 timing metavuln:load:security-advisory:@npmcli/run-script:cR9SjysnJiH/OQhtlJ+1YckNbTCX3ySzBDchhlWta522Iv7zXkOEHOdjXbE+dBYpFMIe8wf5F+K+zgyax1eQ1g== Completed in 2ms
1965 timing metavuln:cache:put:security-advisory:@npmcli/run-script:Ph19ANTw8UeRByC7cB2yhh7VriCWq4BfUKkNP1f3OCB+lsGAurZ+pTe6BDoc1MP1py2VC9SrK/4xsW6INTBWHg== Completed in 3ms
1966 timing metavuln:calculate:security-advisory:@npmcli/run-script:cR9SjysnJiH/OQhtlJ+1YckNbTCX3ySzBDchhlWta522Iv7zXkOEHOdjXbE+dBYpFMIe8wf5F+K+zgyax1eQ1g== Completed in 81ms
1967 timing metavuln:cache:get:security-advisory:@sigstore/sign:gxeN9h00LM5324/XxET8P0+GPZEVKHCdf+jOHSaCvQTLuwSUluPl5uo7ZHXFYjW2xwkD7P6pMpFE+UgpP/tPDQ== Completed in 4ms
1968 timing metavuln:cache:get:security-advisory:npm-registry-fetch:jTwU2ocpa2F1Gl6F6mIoiNLWDiThBDO4pDtOU839jhOJFWGWbQ781jfDqHY9xg8lvUgrdB971fXo+xQMKn4YyA== Completed in 3ms
1969 timing metavuln:cache:get:security-advisory:npm-check-updates:9ZRWZwbw/kFW4we/s9ZytIhCXNFSAtoN7r1b3HEN9Kt59xN3AvUqmYBYR13EWY5MjgGjI7RT4j6hN3VaZWfu5A== Completed in 3ms
1970 timing metavuln:load:security-advisory:npm-check-updates:JS1eDAsaQnkSC/rAJ1kHDn4UjWqf1f7567HyV/oKSVvssuR/kR60hXTseVc1ROXD8kOdIPeD9ut6fRzIhPTZuw== Completed in 4ms
1971 timing metavuln:cache:get:security-advisory:sigstore:Rv00qatMGdIbV25G7szwdziZdJnK334VQAYuhSzYU7wgGrEPcJjdhEHJyYLLow9hkmU78uZlSl1x+iswPUipEA== Completed in 8ms
1972 timing metavuln:cache:get:security-advisory:tuf-js:07lmlzsGh7j8O54vxohIVSrz884DHxq1pgHvyRzJJID2IkcWbDjN2Pjip45kGl8EGRCU2GSAK+Y4MwRE4fdABw== Completed in 7ms
1973 timing metavuln:cache:get:security-advisory:node-gyp:5rq91deMwL71Py6PvBs4DPzl2PiTOCJMC2TwWfC0r34chaVidbfSvH06scEnLlTST/lclYYq9vacE3hoHCmR5g== Completed in 7ms
1974 timing metavuln:load:security-advisory:node-gyp:JS1eDAsaQnkSC/rAJ1kHDn4UjWqf1f7567HyV/oKSVvssuR/kR60hXTseVc1ROXD8kOdIPeD9ut6fRzIhPTZuw== Completed in 1ms
1975 timing metavuln:cache:put:security-advisory:npm-check-updates:9ZRWZwbw/kFW4we/s9ZytIhCXNFSAtoN7r1b3HEN9Kt59xN3AvUqmYBYR13EWY5MjgGjI7RT4j6hN3VaZWfu5A== Completed in 10ms
1976 timing metavuln:calculate:security-advisory:npm-check-updates:JS1eDAsaQnkSC/rAJ1kHDn4UjWqf1f7567HyV/oKSVvssuR/kR60hXTseVc1ROXD8kOdIPeD9ut6fRzIhPTZuw== Completed in 17ms
1977 timing metavuln:cache:put:security-advisory:node-gyp:5rq91deMwL71Py6PvBs4DPzl2PiTOCJMC2TwWfC0r34chaVidbfSvH06scEnLlTST/lclYYq9vacE3hoHCmR5g== Completed in 8ms
1978 timing metavuln:calculate:security-advisory:node-gyp:JS1eDAsaQnkSC/rAJ1kHDn4UjWqf1f7567HyV/oKSVvssuR/kR60hXTseVc1ROXD8kOdIPeD9ut6fRzIhPTZuw== Completed in 16ms
1979 http fetch GET 200 https://registry.npmjs.org/sigstore 69ms (cache revalidated)
1980 timing metavuln:packument:sigstore Completed in 70ms
1981 timing metavuln:load:security-advisory:sigstore:JS1eDAsaQnkSC/rAJ1kHDn4UjWqf1f7567HyV/oKSVvssuR/kR60hXTseVc1ROXD8kOdIPeD9ut6fRzIhPTZuw== Completed in 0ms
1982 timing metavuln:cache:put:security-advisory:sigstore:Rv00qatMGdIbV25G7szwdziZdJnK334VQAYuhSzYU7wgGrEPcJjdhEHJyYLLow9hkmU78uZlSl1x+iswPUipEA== Completed in 2ms
1983 timing metavuln:calculate:security-advisory:sigstore:JS1eDAsaQnkSC/rAJ1kHDn4UjWqf1f7567HyV/oKSVvssuR/kR60hXTseVc1ROXD8kOdIPeD9ut6fRzIhPTZuw== Completed in 72ms
1984 http fetch GET 200 https://registry.npmjs.org/tuf-js 83ms (cache revalidated)
1985 timing metavuln:packument:tuf-js Completed in 83ms
1986 timing metavuln:load:security-advisory:tuf-js:JS1eDAsaQnkSC/rAJ1kHDn4UjWqf1f7567HyV/oKSVvssuR/kR60hXTseVc1ROXD8kOdIPeD9ut6fRzIhPTZuw== Completed in 1ms
1987 timing metavuln:cache:put:security-advisory:tuf-js:07lmlzsGh7j8O54vxohIVSrz884DHxq1pgHvyRzJJID2IkcWbDjN2Pjip45kGl8EGRCU2GSAK+Y4MwRE4fdABw== Completed in 3ms
1988 timing metavuln:calculate:security-advisory:tuf-js:JS1eDAsaQnkSC/rAJ1kHDn4UjWqf1f7567HyV/oKSVvssuR/kR60hXTseVc1ROXD8kOdIPeD9ut6fRzIhPTZuw== Completed in 87ms
1989 http fetch GET 200 https://registry.npmjs.org/npm-registry-fetch 745ms (cache revalidated)
1990 timing metavuln:packument:npm-registry-fetch Completed in 745ms
1991 timing metavuln:load:security-advisory:npm-registry-fetch:JS1eDAsaQnkSC/rAJ1kHDn4UjWqf1f7567HyV/oKSVvssuR/kR60hXTseVc1ROXD8kOdIPeD9ut6fRzIhPTZuw== Completed in 3ms
1992 timing metavuln:cache:put:security-advisory:npm-registry-fetch:jTwU2ocpa2F1Gl6F6mIoiNLWDiThBDO4pDtOU839jhOJFWGWbQ781jfDqHY9xg8lvUgrdB971fXo+xQMKn4YyA== Completed in 3ms
1993 timing metavuln:calculate:security-advisory:npm-registry-fetch:JS1eDAsaQnkSC/rAJ1kHDn4UjWqf1f7567HyV/oKSVvssuR/kR60hXTseVc1ROXD8kOdIPeD9ut6fRzIhPTZuw== Completed in 751ms
1994 http fetch GET 200 https://registry.npmjs.org/@sigstore%2fsign 993ms (cache revalidated)
1995 timing metavuln:packument:@sigstore/sign Completed in 994ms
1996 timing metavuln:load:security-advisory:@sigstore/sign:JS1eDAsaQnkSC/rAJ1kHDn4UjWqf1f7567HyV/oKSVvssuR/kR60hXTseVc1ROXD8kOdIPeD9ut6fRzIhPTZuw== Completed in 1ms
1997 timing metavuln:cache:put:security-advisory:@sigstore/sign:gxeN9h00LM5324/XxET8P0+GPZEVKHCdf+jOHSaCvQTLuwSUluPl5uo7ZHXFYjW2xwkD7P6pMpFE+UgpP/tPDQ== Completed in 3ms
1998 timing metavuln:calculate:security-advisory:@sigstore/sign:JS1eDAsaQnkSC/rAJ1kHDn4UjWqf1f7567HyV/oKSVvssuR/kR60hXTseVc1ROXD8kOdIPeD9ut6fRzIhPTZuw== Completed in 998ms
1999 timing metavuln:cache:get:security-advisory:pacote:Hlf7Ab/BfwPrfJbGpF6t9vTWiKiPXaUuqZm81Ze82/WqtuS2DnytTFMEpXi+2tUsXZ39XYicz7ceXAu84O426A== Completed in 1ms
2000 timing metavuln:load:security-advisory:pacote:Ph19ANTw8UeRByC7cB2yhh7VriCWq4BfUKkNP1f3OCB+lsGAurZ+pTe6BDoc1MP1py2VC9SrK/4xsW6INTBWHg== Completed in 3ms
2001 timing metavuln:cache:put:security-advisory:pacote:Hlf7Ab/BfwPrfJbGpF6t9vTWiKiPXaUuqZm81Ze82/WqtuS2DnytTFMEpXi+2tUsXZ39XYicz7ceXAu84O426A== Completed in 1ms
2002 timing metavuln:calculate:security-advisory:pacote:Ph19ANTw8UeRByC7cB2yhh7VriCWq4BfUKkNP1f3OCB+lsGAurZ+pTe6BDoc1MP1py2VC9SrK/4xsW6INTBWHg== Completed in 6ms
2003 timing metavuln:cache:get:security-advisory:pacote:9p0F/JB+ald0XE4A7i1a/J68dZA4eV/2xfPPwuDNCTRuQ9iRoL97wQ2TNV2RvVonwghss2KN+WWxhQFIo3nB7g== Completed in 0ms
2004 timing metavuln:load:security-advisory:pacote:Rv00qatMGdIbV25G7szwdziZdJnK334VQAYuhSzYU7wgGrEPcJjdhEHJyYLLow9hkmU78uZlSl1x+iswPUipEA== Completed in 2ms
2005 timing metavuln:cache:put:security-advisory:pacote:9p0F/JB+ald0XE4A7i1a/J68dZA4eV/2xfPPwuDNCTRuQ9iRoL97wQ2TNV2RvVonwghss2KN+WWxhQFIo3nB7g== Completed in 4ms
2006 timing metavuln:calculate:security-advisory:pacote:Rv00qatMGdIbV25G7szwdziZdJnK334VQAYuhSzYU7wgGrEPcJjdhEHJyYLLow9hkmU78uZlSl1x+iswPUipEA== Completed in 6ms
2007 timing metavuln:cache:get:security-advisory:@sigstore/tuf:tI8a4sAvv4Ex9yO/NvwE3cq49Endh6zBwFEmLoalWUEBC1CvqIeHrPgpHu15xRlRF6+kuKPkgtJz5rV72bTJVA== Completed in 0ms
2008 http fetch GET 200 https://registry.npmjs.org/@sigstore%2ftuf 73ms (cache revalidated)
2009 timing metavuln:packument:@sigstore/tuf Completed in 74ms
2010 timing metavuln:load:security-advisory:@sigstore/tuf:07lmlzsGh7j8O54vxohIVSrz884DHxq1pgHvyRzJJID2IkcWbDjN2Pjip45kGl8EGRCU2GSAK+Y4MwRE4fdABw== Completed in 0ms
2011 timing metavuln:cache:put:security-advisory:@sigstore/tuf:tI8a4sAvv4Ex9yO/NvwE3cq49Endh6zBwFEmLoalWUEBC1CvqIeHrPgpHu15xRlRF6+kuKPkgtJz5rV72bTJVA== Completed in 3ms
2012 timing metavuln:calculate:security-advisory:@sigstore/tuf:07lmlzsGh7j8O54vxohIVSrz884DHxq1pgHvyRzJJID2IkcWbDjN2Pjip45kGl8EGRCU2GSAK+Y4MwRE4fdABw== Completed in 77ms
2013 timing metavuln:cache:get:security-advisory:pacote:v/Wx+No8lTTUx3pt5UDycUsDr2SLqMOux7aARyHYmfvOWFlLhIlCtj0dfcTvwDc78teR/Q4TYiE2HqwCDqNPyg== Completed in 0ms
2014 timing metavuln:load:security-advisory:pacote:jTwU2ocpa2F1Gl6F6mIoiNLWDiThBDO4pDtOU839jhOJFWGWbQ781jfDqHY9xg8lvUgrdB971fXo+xQMKn4YyA== Completed in 4ms
2015 timing metavuln:cache:put:security-advisory:pacote:v/Wx+No8lTTUx3pt5UDycUsDr2SLqMOux7aARyHYmfvOWFlLhIlCtj0dfcTvwDc78teR/Q4TYiE2HqwCDqNPyg== Completed in 2ms
2016 timing metavuln:calculate:security-advisory:pacote:jTwU2ocpa2F1Gl6F6mIoiNLWDiThBDO4pDtOU839jhOJFWGWbQ781jfDqHY9xg8lvUgrdB971fXo+xQMKn4YyA== Completed in 6ms
2017 timing metavuln:cache:get:security-advisory:sigstore:TTD5fb9jAE8DIab5gcqzyJoyo1QthZOxUdxKWxcX4c1NN+KR8ZAYyk91KVmVtN3vwxc/Rl8anvp4MXaW8DFomw== Completed in 0ms
2018 timing metavuln:load:security-advisory:sigstore:gxeN9h00LM5324/XxET8P0+GPZEVKHCdf+jOHSaCvQTLuwSUluPl5uo7ZHXFYjW2xwkD7P6pMpFE+UgpP/tPDQ== Completed in 1ms
2019 timing metavuln:cache:put:security-advisory:sigstore:TTD5fb9jAE8DIab5gcqzyJoyo1QthZOxUdxKWxcX4c1NN+KR8ZAYyk91KVmVtN3vwxc/Rl8anvp4MXaW8DFomw== Completed in 2ms
2020 timing metavuln:calculate:security-advisory:sigstore:gxeN9h00LM5324/XxET8P0+GPZEVKHCdf+jOHSaCvQTLuwSUluPl5uo7ZHXFYjW2xwkD7P6pMpFE+UgpP/tPDQ== Completed in 3ms
2021 timing metavuln:cache:get:security-advisory:sigstore:7IifTNyOdt0CxKAKn+2Sq3kwLn+9cfQ8/8XqUTlCD3qGzs48032kNWKtvJaSsdko3uk1EEASP6faivANpvrrSg== Completed in 0ms
2022 timing metavuln:load:security-advisory:sigstore:tI8a4sAvv4Ex9yO/NvwE3cq49Endh6zBwFEmLoalWUEBC1CvqIeHrPgpHu15xRlRF6+kuKPkgtJz5rV72bTJVA== Completed in 0ms
2023 timing metavuln:cache:put:security-advisory:sigstore:7IifTNyOdt0CxKAKn+2Sq3kwLn+9cfQ8/8XqUTlCD3qGzs48032kNWKtvJaSsdko3uk1EEASP6faivANpvrrSg== Completed in 3ms
2024 timing metavuln:calculate:security-advisory:sigstore:tI8a4sAvv4Ex9yO/NvwE3cq49Endh6zBwFEmLoalWUEBC1CvqIeHrPgpHu15xRlRF6+kuKPkgtJz5rV72bTJVA== Completed in 3ms
2025 timing auditReport:init Completed in 11409ms
2026 timing reify:audit Completed in 13728ms
2027 info run @vscode/sqlite3@5.1.2 install { code: 0, signal: null }
2028 timing build:run:install:node_modules/@vscode/sqlite3 Completed in 40270ms
2029 timing build:run:install Completed in 40270ms
2030 info run es5-ext@0.10.64 postinstall node_modules/es5-ext  node -e "try{require('./_postinstall')}catch(e){}" || exit 0
2031 info run es5-ext@0.10.64 postinstall { code: 0, signal: null }
2032 timing build:run:postinstall:node_modules/es5-ext Completed in 61ms
2033 timing build:run:postinstall Completed in 61ms
2034 timing build:deps Completed in 40376ms
2035 timing build Completed in 40376ms
2036 timing reify:build Completed in 40377ms
2037 timing reify:trash Completed in 1ms
2038 timing reify:save Completed in 149ms
2039 timing reify Completed in 50597ms
2040 silly ADD node_modules/youch
2041 silly ADD node_modules/youch/node_modules/cookie
2042 silly ADD node_modules/yocto-queue
2043 silly ADD node_modules/yargs-parser
2044 silly ADD node_modules/yargs
2045 silly ADD node_modules/yallist
2046 silly ADD node_modules/y18n
2047 silly ADD node_modules/xtend
2048 silly ADD node_modules/xdg-basedir
2049 silly ADD node_modules/write-file-atomic
2050 silly ADD node_modules/wrappy
2051 silly ADD node_modules/wrap-ansi-cjs
2052 silly ADD node_modules/wrap-ansi
2053 silly ADD node_modules/wrap-ansi/node_modules/strip-ansi
2054 silly ADD node_modules/wrap-ansi/node_modules/string-width
2055 silly ADD node_modules/wrap-ansi/node_modules/emoji-regex
2056 silly ADD node_modules/wrap-ansi/node_modules/ansi-styles
2057 silly ADD node_modules/wrap-ansi/node_modules/ansi-regex
2058 silly ADD node_modules/wkx
2059 silly ADD node_modules/with
2060 silly ADD node_modules/wildcard
2061 silly ADD node_modules/widest-line
2062 silly ADD node_modules/widest-line/node_modules/strip-ansi
2063 silly ADD node_modules/widest-line/node_modules/string-width
2064 silly ADD node_modules/widest-line/node_modules/emoji-regex
2065 silly ADD node_modules/widest-line/node_modules/ansi-regex
2066 silly ADD node_modules/wide-align
2067 silly ADD node_modules/which-typed-array
2068 silly ADD node_modules/which-boxed-primitive
2069 silly ADD node_modules/which
2070 silly ADD node_modules/webpack-sources
2071 silly ADD node_modules/webpack-merge
2072 silly ADD node_modules/webpack-cli
2073 silly ADD node_modules/webpack-cli/node_modules/interpret
2074 silly ADD node_modules/webpack
2075 silly ADD node_modules/webpack/node_modules/schema-utils
2076 silly ADD node_modules/webpack/node_modules/graceful-fs
2077 silly ADD node_modules/webpack/node_modules/estraverse
2078 silly ADD node_modules/webpack/node_modules/eslint-scope
2079 silly ADD node_modules/watchpack
2080 silly ADD node_modules/walker
2081 silly ADD node_modules/void-elements
2082 silly ADD node_modules/vary
2083 silly ADD node_modules/validator
2084 silly ADD node_modules/validate-npm-package-name
2085 silly ADD node_modules/validate-npm-package-license
2086 silly ADD node_modules/v8-to-istanbul
2087 silly ADD node_modules/uuid
2088 silly ADD node_modules/util-deprecate
2089 silly ADD node_modules/uri-js
2090 silly ADD node_modules/update-notifier
2091 silly ADD node_modules/update-notifier/node_modules/chalk
2092 silly ADD node_modules/update-browserslist-db
2093 silly ADD node_modules/untildify
2094 silly ADD node_modules/universalify
2095 silly ADD node_modules/unique-string
2096 silly ADD node_modules/unique-slug
2097 silly ADD node_modules/unique-filename
2098 silly ADD node_modules/undici-types
2099 silly ADD node_modules/unbox-primitive
2100 silly ADD node_modules/umzug
2101 silly ADD node_modules/uc.micro
2102 silly ADD node_modules/typedarray-to-buffer
2103 silly ADD node_modules/typed-array-length
2104 silly ADD node_modules/typed-array-byte-offset
2105 silly ADD node_modules/typed-array-byte-length
2106 silly ADD node_modules/typed-array-buffer
2107 silly ADD node_modules/type-is
2108 silly ADD node_modules/type-fest
2109 silly ADD node_modules/type-detect
2110 silly ADD node_modules/type-check
2111 silly ADD node_modules/type
2112 silly ADD node_modules/tunnel-agent
2113 silly ADD node_modules/tuf-js
2114 silly ADD node_modules/tslib
2115 silly ADD node_modules/tsconfig-paths
2116 silly ADD node_modules/tsconfig-paths/node_modules/strip-bom
2117 silly ADD node_modules/tsconfig-paths/node_modules/json5
2118 silly ADD node_modules/tree-kill
2119 silly ADD node_modules/toposort-class
2120 silly ADD node_modules/token-stream
2121 silly ADD node_modules/toidentifier
2122 silly ADD node_modules/toad-cache
2123 silly ADD node_modules/to-regex-range
2124 silly ADD node_modules/to-fast-properties
2125 silly ADD node_modules/tmpl
2126 silly ADD node_modules/timers-ext
2127 silly ADD node_modules/tildify
2128 silly ADD node_modules/thread-stream
2129 silly ADD node_modules/text-table
2130 silly ADD node_modules/test-exclude
2131 silly ADD node_modules/test-exclude/node_modules/glob
2132 silly ADD node_modules/terser-webpack-plugin
2133 silly ADD node_modules/terser-webpack-plugin/node_modules/supports-color
2134 silly ADD node_modules/terser-webpack-plugin/node_modules/schema-utils
2135 silly ADD node_modules/terser-webpack-plugin/node_modules/jest-worker
2136 silly ADD node_modules/terser
2137 silly ADD node_modules/terser/node_modules/source-map-support
2138 silly ADD node_modules/terser/node_modules/commander
2139 silly ADD node_modules/tarn
2140 silly ADD node_modules/tar-stream
2141 silly ADD node_modules/tar-fs
2142 silly ADD node_modules/tar-fs/node_modules/chownr
2143 silly ADD node_modules/tar
2144 silly ADD node_modules/tapable
2145 silly ADD node_modules/supports-preserve-symlinks-flag
2146 silly ADD node_modules/supports-color
2147 silly ADD node_modules/style-loader
2148 silly ADD node_modules/strip-json-comments
2149 silly ADD node_modules/strip-final-newline
2150 silly ADD node_modules/strip-bom
2151 silly ADD node_modules/strip-ansi-cjs
2152 silly ADD node_modules/strip-ansi
2153 silly ADD node_modules/string.prototype.trimstart
2154 silly ADD node_modules/string.prototype.trimend
2155 silly ADD node_modules/string.prototype.trim
2156 silly ADD node_modules/string-width-cjs
2157 silly ADD node_modules/string-width
2158 silly ADD node_modules/string-length
2159 silly ADD node_modules/string_decoder
2160 silly ADD node_modules/statuses
2161 silly ADD node_modules/stack-utils
2162 silly ADD node_modules/stack-utils/node_modules/escape-string-regexp
2163 silly ADD node_modules/stack-trace
2164 silly ADD node_modules/ssri
2165 silly ADD node_modules/ssri/node_modules/minipass
2166 silly ADD node_modules/sqlite3
2167 silly ADD node_modules/sqlite3/node_modules/ssri
2168 silly ADD node_modules/sqlite3/node_modules/socks-proxy-agent
2169 silly ADD node_modules/sqlite3/node_modules/node-gyp
2170 silly ADD node_modules/sqlite3/node_modules/node-addon-api
2171 silly ADD node_modules/sqlite3/node_modules/minipass-fetch
2172 silly ADD node_modules/sqlite3/node_modules/make-fetch-happen
2173 silly ADD node_modules/sqlite3/node_modules/lru-cache
2174 silly ADD node_modules/sqlite3/node_modules/http-proxy-agent
2175 silly ADD node_modules/sqlite3/node_modules/glob
2176 silly ADD node_modules/sqlite3/node_modules/cacache
2177 silly ADD node_modules/sqlite3/node_modules/@tootallnate/once
2178 silly ADD node_modules/sqlite3/node_modules/@npmcli/move-file
2179 silly ADD node_modules/sqlite3/node_modules/@npmcli/fs
2180 silly ADD node_modules/sprintf-js
2181 silly ADD node_modules/split2
2182 silly ADD node_modules/spdx-license-ids
2183 silly ADD node_modules/spdx-expression-parse
2184 silly ADD node_modules/spdx-exceptions
2185 silly ADD node_modules/spdx-correct
2186 silly ADD node_modules/spawn-please
2187 silly ADD node_modules/spawn-command
2188 silly ADD node_modules/source-map-support
2189 silly ADD node_modules/source-map-js
2190 silly ADD node_modules/source-map
2191 silly ADD node_modules/sonic-boom
2192 silly ADD node_modules/sodium-native
2193 silly ADD node_modules/socks-proxy-agent
2194 silly ADD node_modules/socks
2195 silly ADD node_modules/smart-buffer
2196 silly ADD node_modules/slash
2197 silly ADD node_modules/sisteransi
2198 silly ADD node_modules/simple-get
2199 silly ADD node_modules/simple-concat
2200 silly ADD node_modules/sigstore
2201 silly ADD node_modules/signal-exit
2202 silly ADD node_modules/side-channel
2203 silly ADD node_modules/shell-quote
2204 silly ADD node_modules/shebang-regex
2205 silly ADD node_modules/shebang-command
2206 silly ADD node_modules/shallow-clone
2207 silly ADD node_modules/setprototypeof
2208 silly ADD node_modules/set-function-name
2209 silly ADD node_modules/set-function-length
2210 silly ADD node_modules/set-cookie-parser
2211 silly ADD node_modules/set-blocking
2212 silly ADD node_modules/serialize-javascript
2213 silly ADD node_modules/sequelize-pool
2214 silly ADD node_modules/sequelize-cli
2215 silly ADD node_modules/sequelize-cli/node_modules/yargs-parser
2216 silly ADD node_modules/sequelize-cli/node_modules/yargs
2217 silly ADD node_modules/sequelize-cli/node_modules/wrap-ansi
2218 silly ADD node_modules/sequelize-cli/node_modules/cliui
2219 silly ADD node_modules/sequelize
2220 silly ADD node_modules/semver-utils
2221 silly ADD node_modules/semver-diff
2222 silly ADD node_modules/semver
2223 silly ADD node_modules/semver/node_modules/lru-cache
2224 silly ADD node_modules/secure-json-parse
2225 silly ADD node_modules/schema-utils
2226 silly ADD node_modules/schema-utils/node_modules/json-schema-traverse
2227 silly ADD node_modules/schema-utils/node_modules/ajv-keywords
2228 silly ADD node_modules/schema-utils/node_modules/ajv
2229 silly ADD node_modules/safer-buffer
2230 silly ADD node_modules/safe-stable-stringify
2231 silly ADD node_modules/safe-regex2
2232 silly ADD node_modules/safe-regex-test
2233 silly ADD node_modules/safe-buffer
2234 silly ADD node_modules/safe-array-concat
2235 silly ADD node_modules/rxjs
2236 silly ADD node_modules/run-parallel
2237 silly ADD node_modules/rimraf
2238 silly ADD node_modules/rimraf/node_modules/glob
2239 silly ADD node_modules/rfdc
2240 silly ADD node_modules/reusify
2241 silly ADD node_modules/retry-as-promised
2242 silly ADD node_modules/retry
2243 silly ADD node_modules/ret
2244 silly ADD node_modules/responselike
2245 silly ADD node_modules/responselike/node_modules/lowercase-keys
2246 silly ADD node_modules/resolve.exports
2247 silly ADD node_modules/resolve-from
2248 silly ADD node_modules/resolve-cwd
2249 silly ADD node_modules/resolve-alpn
2250 silly ADD node_modules/resolve
2251 silly ADD node_modules/require-from-string
2252 silly ADD node_modules/require-directory
2253 silly ADD node_modules/remote-git-tags
2254 silly ADD node_modules/registry-url
2255 silly ADD node_modules/registry-auth-token
2256 silly ADD node_modules/regexp.prototype.flags
2257 silly ADD node_modules/regenerator-runtime
2258 silly ADD node_modules/rechoir
2259 silly ADD node_modules/real-require
2260 silly ADD node_modules/readdirp
2261 silly ADD node_modules/readable-stream
2262 silly ADD node_modules/read-package-json-fast
2263 silly ADD node_modules/read-package-json-fast/node_modules/json-parse-even-better-errors
2264 silly ADD node_modules/read-package-json
2265 silly ADD node_modules/read-package-json/node_modules/json-parse-even-better-errors
2266 silly ADD node_modules/react-is
2267 silly ADD node_modules/rc-config-loader
2268 silly ADD node_modules/rc
2269 silly ADD node_modules/rc/node_modules/strip-json-comments
2270 silly ADD node_modules/rc/node_modules/ini
2271 silly ADD node_modules/randombytes
2272 silly ADD node_modules/quick-lru
2273 silly ADD node_modules/quick-format-unescaped
2274 silly ADD node_modules/queue-microtask
2275 silly ADD node_modules/qs
2276 silly ADD node_modules/pure-rand
2277 silly ADD node_modules/pupa
2278 silly ADD node_modules/punycode
2279 silly ADD node_modules/pump
2280 silly ADD node_modules/pug-walk
2281 silly ADD node_modules/pug-strip-comments
2282 silly ADD node_modules/pug-runtime
2283 silly ADD node_modules/pug-parser
2284 silly ADD node_modules/pug-load
2285 silly ADD node_modules/pug-linker
2286 silly ADD node_modules/pug-lexer
2287 silly ADD node_modules/pug-filters
2288 silly ADD node_modules/pug-error
2289 silly ADD node_modules/pug-code-gen
2290 silly ADD node_modules/pug-attrs
2291 silly ADD node_modules/pug
2292 silly ADD node_modules/proxy-addr
2293 silly ADD node_modules/proto-list
2294 silly ADD node_modules/prompts-ncu
2295 silly ADD node_modules/prompts-ncu/node_modules/kleur
2296 silly ADD node_modules/prompts
2297 silly ADD node_modules/promise-retry
2298 silly ADD node_modules/promise-inflight
2299 silly ADD node_modules/promise
2300 silly ADD node_modules/progress
2301 silly ADD node_modules/process-warning
2302 silly ADD node_modules/process
2303 silly ADD node_modules/proc-log
2304 silly ADD node_modules/pretty-format
2305 silly ADD node_modules/pretty-format/node_modules/ansi-styles
2306 silly ADD node_modules/prelude-ls
2307 silly ADD node_modules/prebuild-install
2308 silly ADD node_modules/postgres-interval
2309 silly ADD node_modules/postgres-date
2310 silly ADD node_modules/postgres-bytea
2311 silly ADD node_modules/postgres-array
2312 silly ADD node_modules/postcss-value-parser
2313 silly ADD node_modules/postcss-selector-parser
2314 silly ADD node_modules/postcss-modules-values
2315 silly ADD node_modules/postcss-modules-scope
2316 silly ADD node_modules/postcss-modules-local-by-default
2317 silly ADD node_modules/postcss-modules-extract-imports
2318 silly ADD node_modules/postcss
2319 silly ADD node_modules/possible-typed-array-names
2320 silly ADD node_modules/pkg-up
2321 silly ADD node_modules/pkg-up/node_modules/path-exists
2322 silly ADD node_modules/pkg-up/node_modules/p-locate
2323 silly ADD node_modules/pkg-up/node_modules/p-limit
2324 silly ADD node_modules/pkg-up/node_modules/locate-path
2325 silly ADD node_modules/pkg-up/node_modules/find-up
2326 silly ADD node_modules/pkg-dir
2327 silly ADD node_modules/pkg-dir/node_modules/p-locate
2328 silly ADD node_modules/pkg-dir/node_modules/p-limit
2329 silly ADD node_modules/pkg-dir/node_modules/locate-path
2330 silly ADD node_modules/pkg-dir/node_modules/find-up
2331 silly ADD node_modules/pirates
2332 silly ADD node_modules/pino-std-serializers
2333 silly ADD node_modules/pino-pretty
2334 silly ADD node_modules/pino-pretty/node_modules/readable-stream
2335 silly ADD node_modules/pino-pretty/node_modules/help-me
2336 silly ADD node_modules/pino-pretty/node_modules/buffer
2337 silly ADD node_modules/pino-abstract-transport
2338 silly ADD node_modules/pino-abstract-transport/node_modules/split2
2339 silly ADD node_modules/pino-abstract-transport/node_modules/readable-stream
2340 silly ADD node_modules/pino-abstract-transport/node_modules/buffer
2341 silly ADD node_modules/pino
2342 silly ADD node_modules/picomatch
2343 silly ADD node_modules/picocolors
2344 silly ADD node_modules/pgpass
2345 silly ADD node_modules/pgpass/node_modules/split2
2346 silly ADD node_modules/pg-types
2347 silly ADD node_modules/pg-protocol
2348 silly ADD node_modules/pg-pool
2349 silly ADD node_modules/pg-int8
2350 silly ADD node_modules/pg-connection-string
2351 silly ADD node_modules/pg-cloudflare
2352 silly ADD node_modules/pg
2353 silly ADD node_modules/pg/node_modules/pg-connection-string
2354 silly ADD node_modules/path-type
2355 silly ADD node_modules/path-to-regexp
2356 silly ADD node_modules/path-scurry
2357 silly ADD node_modules/path-scurry/node_modules/minipass
2358 silly ADD node_modules/path-scurry/node_modules/lru-cache
2359 silly ADD node_modules/path-parse
2360 silly ADD node_modules/path-key
2361 silly ADD node_modules/path-is-absolute
2362 silly ADD node_modules/path-exists
2363 silly ADD node_modules/parse-json
2364 silly ADD node_modules/parse-github-url
2365 silly ADD node_modules/parent-module
2366 silly ADD node_modules/pacote
2367 silly ADD node_modules/pacote/node_modules/minipass
2368 silly ADD node_modules/pacote/node_modules/fs-minipass
2369 silly ADD node_modules/pacote/node_modules/fs-minipass/node_modules/minipass
2370 silly ADD node_modules/package-json
2371 silly ADD node_modules/p-try
2372 silly ADD node_modules/p-map
2373 silly ADD node_modules/p-locate
2374 silly ADD node_modules/p-limit
2375 silly ADD node_modules/p-cancelable
2376 silly ADD node_modules/optionator
2377 silly ADD node_modules/onetime
2378 silly ADD node_modules/once
2379 silly ADD node_modules/on-exit-leak-free
2380 silly ADD node_modules/objection-unique
2381 silly ADD node_modules/objection
2382 silly ADD node_modules/objection/node_modules/json-schema-traverse
2383 silly ADD node_modules/objection/node_modules/ajv
2384 silly ADD node_modules/object.values
2385 silly ADD node_modules/object.groupby
2386 silly ADD node_modules/object.fromentries
2387 silly ADD node_modules/object.entries
2388 silly ADD node_modules/object.assign
2389 silly ADD node_modules/object-keys
2390 silly ADD node_modules/object-inspect
2391 silly ADD node_modules/object-assign
2392 silly ADD node_modules/npmlog
2393 silly ADD node_modules/npm-run-path
2394 silly ADD node_modules/npm-registry-fetch
2395 silly ADD node_modules/npm-registry-fetch/node_modules/minipass
2396 silly ADD node_modules/npm-pick-manifest
2397 silly ADD node_modules/npm-packlist
2398 silly ADD node_modules/npm-package-arg
2399 silly ADD node_modules/npm-package-arg/node_modules/lru-cache
2400 silly ADD node_modules/npm-package-arg/node_modules/hosted-git-info
2401 silly ADD node_modules/npm-normalize-package-bin
2402 silly ADD node_modules/npm-install-checks
2403 silly ADD node_modules/npm-check-updates
2404 silly ADD node_modules/npm-check-updates/node_modules/strip-json-comments
2405 silly ADD node_modules/npm-check-updates/node_modules/strip-ansi
2406 silly ADD node_modules/npm-check-updates/node_modules/source-map-support
2407 silly ADD node_modules/npm-check-updates/node_modules/rimraf
2408 silly ADD node_modules/npm-check-updates/node_modules/minimatch
2409 silly ADD node_modules/npm-check-updates/node_modules/ini
2410 silly ADD node_modules/npm-check-updates/node_modules/chalk
2411 silly ADD node_modules/npm-check-updates/node_modules/brace-expansion
2412 silly ADD node_modules/npm-check-updates/node_modules/ansi-regex
2413 silly ADD node_modules/npm-bundled
2414 silly ADD node_modules/normalize-url
2415 silly ADD node_modules/normalize-path
2416 silly ADD node_modules/normalize-package-data
2417 silly ADD node_modules/normalize-package-data/node_modules/lru-cache
2418 silly ADD node_modules/normalize-package-data/node_modules/hosted-git-info
2419 silly ADD node_modules/nopt
2420 silly ADD node_modules/node-releases
2421 silly ADD node_modules/node-int64
2422 silly ADD node_modules/node-gyp-build
2423 silly ADD node_modules/node-gyp
2424 silly ADD node_modules/node-gyp/node_modules/unique-slug
2425 silly ADD node_modules/node-gyp/node_modules/unique-filename
2426 silly ADD node_modules/node-gyp/node_modules/ssri
2427 silly ADD node_modules/node-gyp/node_modules/nopt
2428 silly ADD node_modules/node-gyp/node_modules/minipass-fetch
2429 silly ADD node_modules/node-gyp/node_modules/make-fetch-happen
2430 silly ADD node_modules/node-gyp/node_modules/lru-cache
2431 silly ADD node_modules/node-gyp/node_modules/glob
2432 silly ADD node_modules/node-gyp/node_modules/cacache
2433 silly ADD node_modules/node-gyp/node_modules/cacache/node_modules/minimatch
2434 silly ADD node_modules/node-gyp/node_modules/cacache/node_modules/glob
2435 silly ADD node_modules/node-gyp/node_modules/brace-expansion
2436 silly ADD node_modules/node-gyp/node_modules/@npmcli/fs
2437 silly ADD node_modules/node-addon-api
2438 silly ADD node_modules/node-abi
2439 silly ADD node_modules/next-tick
2440 silly ADD node_modules/neo-async
2441 silly ADD node_modules/negotiator
2442 silly ADD node_modules/natural-compare
2443 silly ADD node_modules/napi-build-utils
2444 silly ADD node_modules/nanoid
2445 silly ADD node_modules/mustache
2446 silly ADD node_modules/ms
2447 silly ADD node_modules/moment-timezone
2448 silly ADD node_modules/moment
2449 silly ADD node_modules/mkdirp-classic
2450 silly ADD node_modules/mkdirp
2451 silly ADD node_modules/minizlib
2452 silly ADD node_modules/minipass-sized
2453 silly ADD node_modules/minipass-pipeline
2454 silly ADD node_modules/minipass-json-stream
2455 silly ADD node_modules/minipass-flush
2456 silly ADD node_modules/minipass-fetch
2457 silly ADD node_modules/minipass-fetch/node_modules/minipass
2458 silly ADD node_modules/minipass-collect
2459 silly ADD node_modules/minipass
2460 silly ADD node_modules/minimist
2461 silly ADD node_modules/minimatch
2462 silly ADD node_modules/mini-css-extract-plugin
2463 silly ADD node_modules/mimic-response
2464 silly ADD node_modules/mimic-fn
2465 silly ADD node_modules/mime-types
2466 silly ADD node_modules/mime-db
2467 silly ADD node_modules/mime
2468 silly ADD node_modules/micromatch
2469 silly ADD node_modules/merge2
2470 silly ADD node_modules/merge-stream
2471 silly ADD node_modules/memoizee
2472 silly ADD node_modules/media-typer
2473 silly ADD node_modules/mdurl
2474 silly ADD node_modules/markdown-it
2475 silly ADD node_modules/makeerror
2476 silly ADD node_modules/make-promises-safe
2477 silly ADD node_modules/make-fetch-happen
2478 silly ADD node_modules/make-fetch-happen/node_modules/minipass
2479 silly ADD node_modules/make-fetch-happen/node_modules/lru-cache
2480 silly ADD node_modules/make-dir
2481 silly ADD node_modules/lru-queue
2482 silly ADD node_modules/lru-cache
2483 silly ADD node_modules/lru-cache/node_modules/yallist
2484 silly ADD node_modules/lowercase-keys
2485 silly ADD node_modules/lodash.merge
2486 silly ADD node_modules/lodash.isempty
2487 silly ADD node_modules/lodash.compact
2488 silly ADD node_modules/lodash.castarray
2489 silly ADD node_modules/lodash
2490 silly ADD node_modules/locate-path
2491 silly ADD node_modules/loader-runner
2492 silly ADD node_modules/linkify-it
2493 silly ADD node_modules/lines-and-columns
2494 silly ADD node_modules/light-my-request
2495 silly ADD node_modules/levn
2496 silly ADD node_modules/leven
2497 silly ADD node_modules/latest-version
2498 silly ADD node_modules/knex
2499 silly ADD node_modules/kleur
2500 silly ADD node_modules/kind-of
2501 silly ADD node_modules/keyv
2502 silly ADD node_modules/jstransformer-markdown-it
2503 silly ADD node_modules/jstransformer
2504 silly ADD node_modules/jsonparse
2505 silly ADD node_modules/jsonlines
2506 silly ADD node_modules/jsonfile
2507 silly ADD node_modules/json5
2508 silly ADD node_modules/json-stable-stringify-without-jsonify
2509 silly ADD node_modules/json-schema-traverse
2510 silly ADD node_modules/json-schema-ref-resolver
2511 silly ADD node_modules/json-parse-helpfulerror
2512 silly ADD node_modules/json-parse-even-better-errors
2513 silly ADD node_modules/json-buffer
2514 silly ADD node_modules/jsesc
2515 silly ADD node_modules/js-yaml
2516 silly ADD node_modules/js-tokens
2517 silly ADD node_modules/js-stringify
2518 silly ADD node_modules/js-cookie
2519 silly ADD node_modules/js-beautify
2520 silly ADD node_modules/js-beautify/node_modules/nopt
2521 silly ADD node_modules/js-beautify/node_modules/abbrev
2522 silly ADD node_modules/jquery
2523 silly ADD node_modules/joycon
2524 silly ADD node_modules/jju
2525 silly ADD node_modules/jest-worker
2526 silly ADD node_modules/jest-worker/node_modules/supports-color
2527 silly ADD node_modules/jest-watcher
2528 silly ADD node_modules/jest-validate
2529 silly ADD node_modules/jest-validate/node_modules/camelcase
2530 silly ADD node_modules/jest-util
2531 silly ADD node_modules/jest-snapshot
2532 silly ADD node_modules/jest-runtime
2533 silly ADD node_modules/jest-runtime/node_modules/glob
2534 silly ADD node_modules/jest-runner
2535 silly ADD node_modules/jest-resolve-dependencies
2536 silly ADD node_modules/jest-resolve
2537 silly ADD node_modules/jest-regex-util
2538 silly ADD node_modules/jest-pnp-resolver
2539 silly ADD node_modules/jest-mock
2540 silly ADD node_modules/jest-message-util
2541 silly ADD node_modules/jest-matcher-utils
2542 silly ADD node_modules/jest-leak-detector
2543 silly ADD node_modules/jest-haste-map
2544 silly ADD node_modules/jest-get-type
2545 silly ADD node_modules/jest-environment-node
2546 silly ADD node_modules/jest-each
2547 silly ADD node_modules/jest-docblock
2548 silly ADD node_modules/jest-diff
2549 silly ADD node_modules/jest-config
2550 silly ADD node_modules/jest-config/node_modules/glob
2551 silly ADD node_modules/jest-cli
2552 silly ADD node_modules/jest-circus
2553 silly ADD node_modules/jest-changed-files
2554 silly ADD node_modules/jest
2555 silly ADD node_modules/jackspeak
2556 silly ADD node_modules/istanbul-reports
2557 silly ADD node_modules/istanbul-lib-source-maps
2558 silly ADD node_modules/istanbul-lib-report
2559 silly ADD node_modules/istanbul-lib-instrument
2560 silly ADD node_modules/istanbul-lib-coverage
2561 silly ADD node_modules/isobject
2562 silly ADD node_modules/isexe
2563 silly ADD node_modules/isbinaryfile
2564 silly ADD node_modules/isarray
2565 silly ADD node_modules/is-yarn-global
2566 silly ADD node_modules/is-weakref
2567 silly ADD node_modules/is-typedarray
2568 silly ADD node_modules/is-typed-array
2569 silly ADD node_modules/is-symbol
2570 silly ADD node_modules/is-string
2571 silly ADD node_modules/is-stream
2572 silly ADD node_modules/is-shared-array-buffer
2573 silly ADD node_modules/is-regex
2574 silly ADD node_modules/is-promise
2575 silly ADD node_modules/is-plain-object
2576 silly ADD node_modules/is-path-inside
2577 silly ADD node_modules/is-obj
2578 silly ADD node_modules/is-number-object
2579 silly ADD node_modules/is-number
2580 silly ADD node_modules/is-npm
2581 silly ADD node_modules/is-negative-zero
2582 silly ADD node_modules/is-lambda
2583 silly ADD node_modules/is-installed-globally
2584 silly ADD node_modules/is-glob
2585 silly ADD node_modules/is-generator-fn
2586 silly ADD node_modules/is-fullwidth-code-point
2587 silly ADD node_modules/is-extglob
2588 silly ADD node_modules/is-expression
2589 silly ADD node_modules/is-expression/node_modules/acorn
2590 silly ADD node_modules/is-docker
2591 silly ADD node_modules/is-date-object
2592 silly ADD node_modules/is-data-view
2593 silly ADD node_modules/is-core-module
2594 silly ADD node_modules/is-ci
2595 silly ADD node_modules/is-callable
2596 silly ADD node_modules/is-boolean-object
2597 silly ADD node_modules/is-binary-path
2598 silly ADD node_modules/is-bigint
2599 silly ADD node_modules/is-arrayish
2600 silly ADD node_modules/is-array-buffer
2601 silly ADD node_modules/ipaddr.js
2602 silly ADD node_modules/ip
2603 silly ADD node_modules/interpret
2604 silly ADD node_modules/internal-slot
2605 silly ADD node_modules/ini
2606 silly ADD node_modules/inherits
2607 silly ADD node_modules/inflight
2608 silly ADD node_modules/inflection
2609 silly ADD node_modules/infer-owner
2610 silly ADD node_modules/indent-string
2611 silly ADD node_modules/imurmurhash
2612 silly ADD node_modules/import-local
2613 silly ADD node_modules/import-lazy
2614 silly ADD node_modules/import-fresh
2615 silly ADD node_modules/import-fresh/node_modules/resolve-from
2616 silly ADD node_modules/ignore-walk
2617 silly ADD node_modules/ignore-walk/node_modules/minimatch
2618 silly ADD node_modules/ignore-walk/node_modules/brace-expansion
2619 silly ADD node_modules/ignore
2620 silly ADD node_modules/ieee754
2621 silly ADD node_modules/icss-utils
2622 silly ADD node_modules/iconv-lite
2623 silly ADD node_modules/i18next
2624 silly ADD node_modules/humanize-ms
2625 silly ADD node_modules/human-signals
2626 silly ADD node_modules/https-proxy-agent
2627 silly ADD node_modules/http2-wrapper
2628 silly ADD node_modules/http-proxy-agent
2629 silly ADD node_modules/http-errors
2630 silly ADD node_modules/http-cache-semantics
2631 silly ADD node_modules/html-escaper
2632 silly ADD node_modules/hosted-git-info
2633 silly ADD node_modules/hosted-git-info/node_modules/lru-cache
2634 silly ADD node_modules/help-me
2635 silly ADD node_modules/help-me/node_modules/minimatch
2636 silly ADD node_modules/help-me/node_modules/glob
2637 silly ADD node_modules/help-me/node_modules/brace-expansion
2638 silly ADD node_modules/hasown
2639 silly ADD node_modules/hashlru
2640 silly ADD node_modules/has-yarn
2641 silly ADD node_modules/has-unicode
2642 silly ADD node_modules/has-tostringtag
2643 silly ADD node_modules/has-symbols
2644 silly ADD node_modules/has-proto
2645 silly ADD node_modules/has-property-descriptors
2646 silly ADD node_modules/has-flag
2647 silly ADD node_modules/has-bigints
2648 silly ADD node_modules/graphemer
2649 silly ADD node_modules/graceful-fs
2650 silly ADD node_modules/got
2651 silly ADD node_modules/gopd
2652 silly ADD node_modules/globby
2653 silly ADD node_modules/globalthis
2654 silly ADD node_modules/globals
2655 silly ADD node_modules/global-dirs
2656 silly ADD node_modules/glob-to-regexp
2657 silly ADD node_modules/glob-parent
2658 silly ADD node_modules/glob
2659 silly ADD node_modules/glob/node_modules/minipass
2660 silly ADD node_modules/glob/node_modules/minimatch
2661 silly ADD node_modules/glob/node_modules/brace-expansion
2662 silly ADD node_modules/github-from-package
2663 silly ADD node_modules/getopts
2664 silly ADD node_modules/get-symbol-description
2665 silly ADD node_modules/get-stream
2666 silly ADD node_modules/get-stdin
2667 silly ADD node_modules/get-package-type
2668 silly ADD node_modules/get-intrinsic
2669 silly ADD node_modules/get-caller-file
2670 silly ADD node_modules/gensync
2671 silly ADD node_modules/generify
2672 silly ADD node_modules/gauge
2673 silly ADD node_modules/functions-have-names
2674 silly ADD node_modules/function.prototype.name
2675 silly ADD node_modules/function-bind
2676 silly ADD
2677 silly ADD node_modules/fs.realpath
2678 silly ADD node_modules/fs-minipass
2679 silly ADD node_modules/fs-extra
2680 silly ADD node_modules/fs-constants
2681 silly ADD node_modules/fp-and-or
2682 silly ADD node_modules/forwarded
2683 silly ADD node_modules/form-data-encoder
2684 silly ADD node_modules/foreground-child
2685 silly ADD node_modules/foreground-child/node_modules/signal-exit
2686 silly ADD node_modules/for-each
2687 silly ADD node_modules/flatted
2688 silly ADD node_modules/flat-cache
2689 silly ADD node_modules/find-up
2690 silly ADD node_modules/find-my-way
2691 silly ADD node_modules/fill-range
2692 silly ADD node_modules/file-uri-to-path
2693 silly ADD node_modules/file-entry-cache
2694 silly ADD node_modules/fb-watchman
2695 silly ADD node_modules/fastq
2696 silly ADD node_modules/fastify-reverse-routes
2697 silly ADD node_modules/fastify-plugin
2698 silly ADD node_modules/fastify-objectionjs
2699 silly ADD node_modules/fastify-objectionjs/node_modules/pg-connection-string
2700 silly ADD node_modules/fastify-objectionjs/node_modules/knex
2701 silly ADD node_modules/fastify-objectionjs/node_modules/fastify-plugin
2702 silly ADD node_modules/fastify-method-override
2703 silly ADD node_modules/fastify-method-override/node_modules/fastify-plugin
2704 silly ADD node_modules/fastify-error-page
2705 silly ADD node_modules/fastify-error-page/node_modules/fastify-plugin
2706 silly ADD node_modules/fastify-cli
2707 silly ADD node_modules/fastify-cli/node_modules/readable-stream
2708 silly ADD node_modules/fastify-cli/node_modules/pino-pretty
2709 silly ADD node_modules/fastify-cli/node_modules/pino-pretty/node_modules/help-me
2710 silly ADD node_modules/fastify-cli/node_modules/fastify-plugin
2711 silly ADD node_modules/fastify-cli/node_modules/buffer
2712 silly ADD node_modules/fastify
2713 silly ADD node_modules/fastest-levenshtein
2714 silly ADD node_modules/fast-uri
2715 silly ADD node_modules/fast-safe-stringify
2716 silly ADD node_modules/fast-redact
2717 silly ADD node_modules/fast-querystring
2718 silly ADD node_modules/fast-memoize
2719 silly ADD node_modules/fast-levenshtein
2720 silly ADD node_modules/fast-json-stringify
2721 silly ADD node_modules/fast-json-stringify/node_modules/json-schema-traverse
2722 silly ADD node_modules/fast-json-stringify/node_modules/ajv-formats
2723 silly ADD node_modules/fast-json-stringify/node_modules/ajv
2724 silly ADD node_modules/fast-json-stable-stringify
2725 silly ADD node_modules/fast-glob
2726 silly ADD node_modules/fast-glob/node_modules/glob-parent
2727 silly ADD node_modules/fast-deep-equal
2728 silly ADD node_modules/fast-decode-uri-component
2729 silly ADD node_modules/fast-copy
2730 silly ADD node_modules/fast-content-type-parse
2731 silly ADD node_modules/ext
2732 silly ADD node_modules/exponential-backoff
2733 silly ADD node_modules/expect
2734 silly ADD node_modules/expand-template
2735 silly ADD node_modules/exit
2736 silly ADD node_modules/execa
2737 silly ADD node_modules/events
2738 silly ADD node_modules/event-target-shim
2739 silly ADD node_modules/event-emitter
2740 silly ADD node_modules/esutils
2741 silly ADD node_modules/estraverse
2742 silly ADD node_modules/esrecurse
2743 silly ADD node_modules/esquery
2744 silly ADD node_modules/esprima
2745 silly ADD node_modules/espree
2746 silly ADD node_modules/espree/node_modules/eslint-visitor-keys
2747 silly ADD node_modules/esniff
2748 silly ADD node_modules/esm
2749 silly ADD node_modules/eslint-visitor-keys
2750 silly ADD node_modules/eslint-scope
2751 silly ADD node_modules/eslint-plugin-import
2752 silly ADD node_modules/eslint-plugin-import/node_modules/semver
2753 silly ADD node_modules/eslint-plugin-import/node_modules/doctrine
2754 silly ADD node_modules/eslint-plugin-import/node_modules/debug
2755 silly ADD node_modules/eslint-module-utils
2756 silly ADD node_modules/eslint-module-utils/node_modules/debug
2757 silly ADD node_modules/eslint-import-resolver-node
2758 silly ADD node_modules/eslint-import-resolver-node/node_modules/debug
2759 silly ADD node_modules/eslint-config-airbnb-base
2760 silly ADD node_modules/eslint-config-airbnb-base/node_modules/semver
2761 silly ADD node_modules/eslint
2762 silly ADD node_modules/eslint/node_modules/globals
2763 silly ADD node_modules/eslint/node_modules/espree
2764 silly ADD node_modules/eslint/node_modules/escape-string-regexp
2765 silly ADD node_modules/eslint/node_modules/@eslint/js
2766 silly ADD node_modules/eslint/node_modules/@eslint/eslintrc
2767 silly ADD node_modules/escape-string-regexp
2768 silly ADD node_modules/escape-html
2769 silly ADD node_modules/escape-goat
2770 silly ADD node_modules/escalade
2771 silly ADD node_modules/es6-weak-map
2772 silly ADD node_modules/es6-symbol
2773 silly ADD node_modules/es6-iterator
2774 silly ADD node_modules/es5-ext
2775 silly ADD node_modules/es-to-primitive
2776 silly ADD node_modules/es-shim-unscopables
2777 silly ADD node_modules/es-set-tostringtag
2778 silly ADD node_modules/es-object-atoms
2779 silly ADD node_modules/es-module-lexer
2780 silly ADD node_modules/es-errors
2781 silly ADD node_modules/es-define-property
2782 silly ADD node_modules/es-abstract
2783 silly ADD node_modules/error-ex
2784 silly ADD node_modules/err-code
2785 silly ADD node_modules/envinfo
2786 silly ADD node_modules/env-paths
2787 silly ADD node_modules/entities
2788 silly ADD node_modules/enhanced-resolve
2789 silly ADD node_modules/end-of-stream
2790 silly ADD node_modules/encoding
2791 silly ADD node_modules/emoji-regex
2792 silly ADD node_modules/emittery
2793 silly ADD node_modules/electron-to-chromium
2794 silly ADD node_modules/editorconfig
2795 silly ADD node_modules/editorconfig/node_modules/minimatch
2796 silly ADD node_modules/editorconfig/node_modules/brace-expansion
2797 silly ADD node_modules/eastasianwidth
2798 silly ADD node_modules/dottie
2799 silly ADD node_modules/dotenv
2800 silly ADD node_modules/dot-prop
2801 silly ADD node_modules/doctypes
2802 silly ADD node_modules/doctrine
2803 silly ADD node_modules/dir-glob
2804 silly ADD node_modules/diff-sequences
2805 silly ADD node_modules/detect-newline
2806 silly ADD node_modules/detect-libc
2807 silly ADD node_modules/depd
2808 silly ADD node_modules/delegates
2809 silly ADD node_modules/define-properties
2810 silly ADD node_modules/define-data-property
2811 silly ADD node_modules/defer-to-connect
2812 silly ADD node_modules/deepmerge
2813 silly ADD node_modules/deep-is
2814 silly ADD node_modules/deep-extend
2815 silly ADD node_modules/dedent
2816 silly ADD node_modules/decompress-response
2817 silly ADD node_modules/decompress-response/node_modules/mimic-response
2818 silly ADD node_modules/debug
2819 silly ADD node_modules/debug/node_modules/ms
2820 silly ADD node_modules/db-errors
2821 silly ADD node_modules/dateformat
2822 silly ADD node_modules/date-fns
2823 silly ADD node_modules/data-view-byte-offset
2824 silly ADD node_modules/data-view-byte-length
2825 silly ADD node_modules/data-view-buffer
2826 silly ADD node_modules/d
2827 silly ADD node_modules/cssesc
2828 silly ADD node_modules/css-loader
2829 silly ADD node_modules/crypto-random-string
2830 silly ADD node_modules/crypto-random-string/node_modules/type-fest
2831 silly ADD node_modules/cross-spawn
2832 silly ADD node_modules/create-jest
2833 silly ADD node_modules/cookie-signature
2834 silly ADD node_modules/cookie
2835 silly ADD node_modules/convert-source-map
2836 silly ADD node_modules/content-disposition
2837 silly ADD node_modules/constantinople
2838 silly ADD node_modules/console-control-strings
2839 silly ADD node_modules/confusing-browser-globals
2840 silly ADD node_modules/configstore
2841 silly ADD node_modules/configstore/node_modules/write-file-atomic
2842 silly ADD node_modules/config-chain
2843 silly ADD node_modules/config-chain/node_modules/ini
2844 silly ADD node_modules/concurrently
2845 silly ADD node_modules/concurrently/node_modules/supports-color
2846 silly ADD node_modules/concat-map
2847 silly ADD node_modules/commist
2848 silly ADD node_modules/commander
2849 silly ADD node_modules/colorette
2850 silly ADD node_modules/color-support
2851 silly ADD node_modules/color-name
2852 silly ADD node_modules/color-convert
2853 silly ADD node_modules/collect-v8-coverage
2854 silly ADD node_modules/co
2855 silly ADD node_modules/close-with-grace
2856 silly ADD node_modules/clone-response
2857 silly ADD node_modules/clone-deep
2858 silly ADD node_modules/cliui
2859 silly ADD node_modules/cliui/node_modules/wrap-ansi
2860 silly ADD node_modules/cli-table3
2861 silly ADD node_modules/cli-color
2862 silly ADD node_modules/cli-boxes
2863 silly ADD node_modules/clean-stack
2864 silly ADD node_modules/cjs-module-lexer
2865 silly ADD node_modules/ci-info
2866 silly ADD node_modules/chrome-trace-event
2867 silly ADD node_modules/chownr
2868 silly ADD node_modules/chokidar
2869 silly ADD node_modules/chokidar/node_modules/glob-parent
2870 silly ADD node_modules/character-parser
2871 silly ADD node_modules/char-regex
2872 silly ADD node_modules/chalk
2873 silly ADD node_modules/caniuse-lite
2874 silly ADD node_modules/camelcase
2875 silly ADD node_modules/callsites
2876 silly ADD node_modules/call-bind
2877 silly ADD node_modules/cacheable-request
2878 silly ADD node_modules/cacheable-request/node_modules/lowercase-keys
2879 silly ADD node_modules/cacheable-request/node_modules/get-stream
2880 silly ADD node_modules/cacheable-lookup
2881 silly ADD node_modules/cacache
2882 silly ADD node_modules/cacache/node_modules/unique-slug
2883 silly ADD node_modules/cacache/node_modules/unique-filename
2884 silly ADD node_modules/cacache/node_modules/minipass
2885 silly ADD node_modules/cacache/node_modules/lru-cache
2886 silly ADD node_modules/cacache/node_modules/fs-minipass
2887 silly ADD node_modules/builtins
2888 silly ADD node_modules/buffer-from
2889 silly ADD node_modules/buffer
2890 silly ADD node_modules/bser
2891 silly ADD node_modules/browserslist
2892 silly ADD node_modules/braces
2893 silly ADD node_modules/brace-expansion
2894 silly ADD node_modules/boxen
2895 silly ADD node_modules/boxen/node_modules/type-fest
2896 silly ADD node_modules/boxen/node_modules/strip-ansi
2897 silly ADD node_modules/boxen/node_modules/string-width
2898 silly ADD node_modules/boxen/node_modules/emoji-regex
2899 silly ADD node_modules/boxen/node_modules/chalk
2900 silly ADD node_modules/boxen/node_modules/camelcase
2901 silly ADD node_modules/boxen/node_modules/ansi-regex
2902 silly ADD node_modules/bootstrap
2903 silly ADD node_modules/bluebird
2904 silly ADD node_modules/bl
2905 silly ADD node_modules/bindings
2906 silly ADD node_modules/binary-extensions
2907 silly ADD node_modules/better-sqlite3
2908 silly ADD node_modules/base64-js
2909 silly ADD node_modules/balanced-match
2910 silly ADD node_modules/babel-walk
2911 silly ADD node_modules/babel-preset-jest
2912 silly ADD node_modules/babel-preset-current-node-syntax
2913 silly ADD node_modules/babel-plugin-jest-hoist
2914 silly ADD node_modules/babel-plugin-istanbul
2915 silly ADD node_modules/babel-plugin-istanbul/node_modules/semver
2916 silly ADD node_modules/babel-plugin-istanbul/node_modules/istanbul-lib-instrument
2917 silly ADD node_modules/babel-jest
2918 silly ADD node_modules/avvio
2919 silly ADD node_modules/available-typed-arrays
2920 silly ADD node_modules/atomic-sleep
2921 silly ADD node_modules/at-least-node
2922 silly ADD node_modules/assert-never
2923 silly ADD node_modules/asap
2924 silly ADD node_modules/arraybuffer.prototype.slice
2925 silly ADD node_modules/array.prototype.flatmap
2926 silly ADD node_modules/array.prototype.flat
2927 silly ADD node_modules/array.prototype.findlastindex
2928 silly ADD node_modules/array-union
2929 silly ADD node_modules/array-includes
2930 silly ADD node_modules/array-buffer-byte-length
2931 silly ADD node_modules/argparse
2932 silly ADD node_modules/are-we-there-yet
2933 silly ADD node_modules/archy
2934 silly ADD node_modules/aproba
2935 silly ADD node_modules/anymatch
2936 silly ADD node_modules/ansi-styles
2937 silly ADD node_modules/ansi-regex
2938 silly ADD node_modules/ansi-escapes
2939 silly ADD node_modules/ansi-escapes/node_modules/type-fest
2940 silly ADD node_modules/ansi-align
2941 silly ADD node_modules/ajv-keywords
2942 silly ADD node_modules/ajv-formats
2943 silly ADD node_modules/ajv-formats/node_modules/json-schema-traverse
2944 silly ADD node_modules/ajv-formats/node_modules/ajv
2945 silly ADD node_modules/ajv
2946 silly ADD node_modules/aggregate-error
2947 silly ADD node_modules/agentkeepalive
2948 silly ADD node_modules/agentkeepalive/node_modules/depd
2949 silly ADD node_modules/agent-base
2950 silly ADD node_modules/acorn-jsx
2951 silly ADD node_modules/acorn-import-assertions
2952 silly ADD node_modules/acorn
2953 silly ADD node_modules/abstract-logging
2954 silly ADD node_modules/abort-controller
2955 silly ADD node_modules/abbrev
2956 silly ADD node_modules/@xtuc/long
2957 silly ADD node_modules/@xtuc/ieee754
2958 silly ADD node_modules/@webpack-cli/serve
2959 silly ADD node_modules/@webpack-cli/info
2960 silly ADD node_modules/@webpack-cli/configtest
2961 silly ADD node_modules/@webassemblyjs/wast-printer
2962 silly ADD node_modules/@webassemblyjs/wasm-parser
2963 silly ADD node_modules/@webassemblyjs/wasm-opt
2964 silly ADD node_modules/@webassemblyjs/wasm-gen
2965 silly ADD node_modules/@webassemblyjs/wasm-edit
2966 silly ADD node_modules/@webassemblyjs/utf8
2967 silly ADD node_modules/@webassemblyjs/leb128
2968 silly ADD node_modules/@webassemblyjs/ieee754
2969 silly ADD node_modules/@webassemblyjs/helper-wasm-section
2970 silly ADD node_modules/@webassemblyjs/helper-wasm-bytecode
2971 silly ADD node_modules/@webassemblyjs/helper-numbers
2972 silly ADD node_modules/@webassemblyjs/helper-buffer
2973 silly ADD node_modules/@webassemblyjs/helper-api-error
2974 silly ADD node_modules/@webassemblyjs/floating-point-hex-parser
2975 silly ADD node_modules/@webassemblyjs/ast
2976 silly ADD node_modules/@vscode/sqlite3
2977 silly ADD node_modules/@ungap/structured-clone
2978 silly ADD node_modules/@types/yargs-parser
2979 silly ADD node_modules/@types/yargs
2980 silly ADD node_modules/@types/validator
2981 silly ADD node_modules/@types/stack-utils
2982 silly ADD node_modules/@types/stack-trace
2983 silly ADD node_modules/@types/semver-utils
2984 silly ADD node_modules/@types/responselike
2985 silly ADD node_modules/@types/node
2986 silly ADD node_modules/@types/ms
2987 silly ADD node_modules/@types/keyv
2988 silly ADD node_modules/@types/json5
2989 silly ADD node_modules/@types/json-schema
2990 silly ADD node_modules/@types/jest
2991 silly ADD node_modules/@types/istanbul-reports
2992 silly ADD node_modules/@types/istanbul-lib-report
2993 silly ADD node_modules/@types/istanbul-lib-coverage
2994 silly ADD node_modules/@types/http-cache-semantics
2995 silly ADD node_modules/@types/graceful-fs
2996 silly ADD node_modules/@types/estree
2997 silly ADD node_modules/@types/eslint-scope
2998 silly ADD node_modules/@types/eslint
2999 silly ADD node_modules/@types/debug
3000 silly ADD node_modules/@types/cacheable-request
3001 silly ADD node_modules/@types/babel__traverse
3002 silly ADD node_modules/@types/babel__template
3003 silly ADD node_modules/@types/babel__generator
3004 silly ADD node_modules/@types/babel__core
3005 silly ADD node_modules/@tufjs/models
3006 silly ADD node_modules/@tufjs/models/node_modules/minimatch
3007 silly ADD node_modules/@tufjs/models/node_modules/brace-expansion
3008 silly ADD node_modules/@tufjs/canonical-json
3009 silly ADD node_modules/@tootallnate/once
3010 silly ADD node_modules/@szmarczak/http-timer
3011 silly ADD node_modules/@sinonjs/fake-timers
3012 silly ADD node_modules/@sinonjs/commons
3013 silly ADD node_modules/@sindresorhus/is
3014 silly ADD node_modules/@sinclair/typebox
3015 silly ADD node_modules/@sigstore/tuf
3016 silly ADD node_modules/@sigstore/sign
3017 silly ADD node_modules/@sigstore/protobuf-specs
3018 silly ADD node_modules/@sigstore/bundle
3019 silly ADD node_modules/@rails/ujs
3020 silly ADD node_modules/@popperjs/core
3021 silly ADD node_modules/@pnpm/npm-conf
3022 silly ADD node_modules/@pnpm/network.ca-file
3023 silly ADD node_modules/@pkgjs/parseargs
3024 silly ADD node_modules/@one-ini/wasm
3025 silly ADD node_modules/@npmcli/run-script
3026 silly ADD node_modules/@npmcli/run-script/node_modules/which
3027 silly ADD node_modules/@npmcli/promise-spawn
3028 silly ADD node_modules/@npmcli/promise-spawn/node_modules/which
3029 silly ADD node_modules/@npmcli/node-gyp
3030 silly ADD node_modules/@npmcli/move-file
3031 silly ADD node_modules/@npmcli/installed-package-contents
3032 silly ADD node_modules/@npmcli/git
3033 silly ADD node_modules/@npmcli/git/node_modules/which
3034 silly ADD node_modules/@npmcli/git/node_modules/lru-cache
3035 silly ADD node_modules/@npmcli/fs
3036 silly ADD node_modules/@nodelib/fs.walk
3037 silly ADD node_modules/@nodelib/fs.stat
3038 silly ADD node_modules/@nodelib/fs.scandir
3039 silly ADD node_modules/@lukeed/ms
3040 silly ADD node_modules/@jridgewell/trace-mapping
3041 silly ADD node_modules/@jridgewell/sourcemap-codec
3042 silly ADD node_modules/@jridgewell/source-map
3043 silly ADD node_modules/@jridgewell/set-array
3044 silly ADD node_modules/@jridgewell/resolve-uri
3045 silly ADD node_modules/@jridgewell/gen-mapping
3046 silly ADD node_modules/@jest/types
3047 silly ADD node_modules/@jest/transform
3048 silly ADD node_modules/@jest/test-sequencer
3049 silly ADD node_modules/@jest/test-result
3050 silly ADD node_modules/@jest/source-map
3051 silly ADD node_modules/@jest/schemas
3052 silly ADD node_modules/@jest/reporters
3053 silly ADD node_modules/@jest/reporters/node_modules/glob
3054 silly ADD node_modules/@jest/globals
3055 silly ADD node_modules/@jest/fake-timers
3056 silly ADD node_modules/@jest/expect-utils
3057 silly ADD node_modules/@jest/expect
3058 silly ADD node_modules/@jest/environment
3059 silly ADD node_modules/@jest/core
3060 silly ADD node_modules/@jest/console
3061 silly ADD node_modules/@istanbuljs/schema
3062 silly ADD node_modules/@istanbuljs/load-nyc-config
3063 silly ADD node_modules/@istanbuljs/load-nyc-config/node_modules/p-locate
3064 silly ADD node_modules/@istanbuljs/load-nyc-config/node_modules/p-limit
3065 silly ADD node_modules/@istanbuljs/load-nyc-config/node_modules/locate-path
3066 silly ADD node_modules/@istanbuljs/load-nyc-config/node_modules/js-yaml
3067 silly ADD node_modules/@istanbuljs/load-nyc-config/node_modules/find-up
3068 silly ADD node_modules/@istanbuljs/load-nyc-config/node_modules/argparse
3069 silly ADD node_modules/@isaacs/cliui
3070 silly ADD node_modules/@isaacs/cliui/node_modules/strip-ansi
3071 silly ADD node_modules/@isaacs/cliui/node_modules/string-width
3072 silly ADD node_modules/@isaacs/cliui/node_modules/emoji-regex
3073 silly ADD node_modules/@isaacs/cliui/node_modules/ansi-regex
3074 silly ADD node_modules/@humanwhocodes/object-schema
3075 silly ADD node_modules/@humanwhocodes/module-importer
3076 silly ADD node_modules/@humanwhocodes/config-array
3077 silly ADD node_modules/@gar/promisify
3078 silly ADD node_modules/@fastify/view
3079 silly ADD node_modules/@fastify/view/node_modules/fastify-plugin
3080 silly ADD node_modules/@fastify/static
3081 silly ADD node_modules/@fastify/static/node_modules/fastify-plugin
3082 silly ADD node_modules/@fastify/sensible
3083 silly ADD node_modules/@fastify/sensible/node_modules/fastify-plugin
3084 silly ADD node_modules/@fastify/send
3085 silly ADD node_modules/@fastify/secure-session
3086 silly ADD node_modules/@fastify/secure-session/node_modules/fastify-plugin
3087 silly ADD node_modules/@fastify/merge-json-schemas
3088 silly ADD node_modules/@fastify/formbody
3089 silly ADD node_modules/@fastify/formbody/node_modules/fastify-plugin
3090 silly ADD node_modules/@fastify/flash
3091 silly ADD node_modules/@fastify/flash/node_modules/fastify-plugin
3092 silly ADD node_modules/@fastify/fast-json-stringify-compiler
3093 silly ADD node_modules/@fastify/error
3094 silly ADD node_modules/@fastify/deepmerge
3095 silly ADD node_modules/@fastify/cookie
3096 silly ADD node_modules/@fastify/cookie/node_modules/fastify-plugin
3097 silly ADD node_modules/@fastify/ajv-compiler
3098 silly ADD node_modules/@fastify/ajv-compiler/node_modules/json-schema-traverse
3099 silly ADD node_modules/@fastify/ajv-compiler/node_modules/ajv
3100 silly ADD node_modules/@fastify/accept-negotiator
3101 silly ADD node_modules/@eslint/js
3102 silly ADD node_modules/@eslint/eslintrc
3103 silly ADD node_modules/@eslint/eslintrc/node_modules/globals
3104 silly ADD node_modules/@eslint-community/regexpp
3105 silly ADD node_modules/@eslint-community/eslint-utils
3106 silly ADD node_modules/@discoveryjs/json-ext
3107 silly ADD node_modules/@colors/colors
3108 silly ADD node_modules/@bcoe/v8-coverage
3109 silly ADD node_modules/@babel/types
3110 silly ADD node_modules/@babel/traverse
3111 silly ADD node_modules/@babel/traverse/node_modules/globals
3112 silly ADD node_modules/@babel/template
3113 silly ADD node_modules/@babel/runtime
3114 silly ADD node_modules/@babel/plugin-syntax-typescript
3115 silly ADD node_modules/@babel/plugin-syntax-top-level-await
3116 silly ADD node_modules/@babel/plugin-syntax-optional-chaining
3117 silly ADD node_modules/@babel/plugin-syntax-optional-catch-binding
3118 silly ADD node_modules/@babel/plugin-syntax-object-rest-spread
3119 silly ADD node_modules/@babel/plugin-syntax-numeric-separator
3120 silly ADD node_modules/@babel/plugin-syntax-nullish-coalescing-operator
3121 silly ADD node_modules/@babel/plugin-syntax-logical-assignment-operators
3122 silly ADD node_modules/@babel/plugin-syntax-jsx
3123 silly ADD node_modules/@babel/plugin-syntax-json-strings
3124 silly ADD node_modules/@babel/plugin-syntax-import-meta
3125 silly ADD node_modules/@babel/plugin-syntax-class-properties
3126 silly ADD node_modules/@babel/plugin-syntax-bigint
3127 silly ADD node_modules/@babel/plugin-syntax-async-generators
3128 silly ADD node_modules/@babel/parser
3129 silly ADD node_modules/@babel/highlight
3130 silly ADD node_modules/@babel/highlight/node_modules/supports-color
3131 silly ADD node_modules/@babel/highlight/node_modules/has-flag
3132 silly ADD node_modules/@babel/highlight/node_modules/color-name
3133 silly ADD node_modules/@babel/highlight/node_modules/color-convert
3134 silly ADD node_modules/@babel/highlight/node_modules/chalk
3135 silly ADD node_modules/@babel/highlight/node_modules/ansi-styles
3136 silly ADD node_modules/@babel/helpers
3137 silly ADD node_modules/@babel/helper-validator-option
3138 silly ADD node_modules/@babel/helper-validator-identifier
3139 silly ADD node_modules/@babel/helper-string-parser
3140 silly ADD node_modules/@babel/helper-split-export-declaration
3141 silly ADD node_modules/@babel/helper-simple-access
3142 silly ADD node_modules/@babel/helper-plugin-utils
3143 silly ADD node_modules/@babel/helper-module-transforms
3144 silly ADD node_modules/@babel/helper-module-imports
3145 silly ADD node_modules/@babel/helper-hoist-variables
3146 silly ADD node_modules/@babel/helper-function-name
3147 silly ADD node_modules/@babel/helper-environment-visitor
3148 silly ADD node_modules/@babel/helper-compilation-targets
3149 silly ADD node_modules/@babel/helper-compilation-targets/node_modules/semver
3150 silly ADD node_modules/@babel/generator
3151 silly ADD node_modules/@babel/core
3152 silly ADD node_modules/@babel/core/node_modules/semver
3153 silly ADD node_modules/@babel/compat-data
3154 silly ADD node_modules/@babel/code-frame
3155 silly ADD node_modules/@ampproject/remapping
3156 silly ADD node_modules/@aashutoshrathi/word-wrap
3157 timing command:install Completed in 50654ms
3158 verbose exit 0
3159 timing npm Completed in 51053ms
3160 info ok
